43.06275436,12.55091865,248,222,1,20516,204852029,-109,LTE,LTE,6300,36
43.06275436,12.55091865,248,222,1,20516,204852029,-109,LTE,LTE,6300,36
43.06272363,12.55099151,243,222,1,20516,204852029,-109,LTE,LTE,6300,36
43.06272363,12.55099151,243,222,1,20516,204852009,-111,LTE,LTE,1350,397
43.06272363,12.55099151,243,222,1,20516,204852029,-109,LTE,LTE,6300,36
43.06272363,12.55099151,243,222,1,20516,204852009,-111,LTE,LTE,1350,397
43.06269889,12.55096646,245,222,1,20516,204852009,-111,LTE,LTE,1350,397
43.06262389,12.55094615,249,222,1,20516,204852009,-109,LTE,LTE,1350,397
43.06262389,12.55094615,249,222,1,20516,204852009,-109,LTE,LTE,1350,397
43.0625553,12.55084875,245,222,1,20516,204852009,-105,LTE,LTE,1350,397
43.06249257,12.55074475,243,222,1,20516,204852009,-100,LTE,LTE,1350,397
43.06219056,12.55016566,259,222,1,20516,204852009,-95,LTE,LTE,1350,397
43.06235988,12.54931799,250,222,1,20516,204852009,-88,LTE,LTE,1350,397
43.06255248,12.54835446,248,222,1,20516,204852009,-91,LTE,LTE,1350,397
43.06283934,12.54734451,244,222,1,20516,204852009,-87,LTE,LTE,1350,397
43.06283934,12.54734451,244,222,1,20516,204852009,-87,LTE,LTE,1350,397
43.06221223,12.54712794,242,222,1,20516,204852009,-96,LTE,LTE,1350,397
43.06150713,12.54650292,242,222,1,20516,204852009,-86,LTE,LTE,1350,397
43.06133631,12.54632938,242,222,1,20516,204852009,-88,LTE,LTE,1350,397
43.061346,12.54634723,243,222,1,20516,204852009,-89,LTE,LTE,1350,397
43.06129231,12.54629075,246,222,1,20516,204852009,-83,LTE,LTE,1350,397
43.06129231,12.54629075,246,222,1,20516,204852009,-83,LTE,LTE,1350,397
43.0609587,12.54599283,246,222,1,20516,204852009,-79,LTE,LTE,1350,397
43.06044068,12.54571406,246,222,1,20516,204852009,-83,LTE,LTE,1350,397
43.05989501,12.54568147,248,222,1,20516,205091874,-117,LTE,LTE,275,101
43.05989501,12.54568147,248,222,1,20516,204852009,-83,LTE,LTE,1350,397
43.05989501,12.54568147,248,222,1,20516,205091874,-117,LTE,LTE,275,101
43.05989501,12.54568147,248,222,1,20516,204852009,-83,LTE,LTE,1350,397
43.05913313,12.54550767,248,222,1,20516,205091874,-115,LTE,LTE,275,101
43.05913313,12.54550767,248,222,1,20516,205091874,-115,LTE,LTE,275,101
43.05854371,12.5450127,247,222,1,20516,204852011,-86,LTE,LTE,1350,398
43.05781118,12.54446018,245,222,1,20516,204852011,-93,LTE,LTE,1350,398
43.05694424,12.54403603,242,222,1,20516,204852010,-104,LTE,LTE,1350,396
43.05694424,12.54403603,242,222,1,20516,204852010,-104,LTE,LTE,1350,396
43.05610668,12.54367623,242,222,1,20516,204852010,-80,LTE,LTE,1350,396
43.05519141,12.5435559,241,222,1,20516,204852010,-93,LTE,LTE,1350,396
43.05519141,12.5435559,241,222,1,20516,204852010,-93,LTE,LTE,1350,396
43.05426852,12.5434646,242,222,1,20516,204852010,-86,LTE,LTE,1350,396
43.05341518,12.54336333,242,222,1,20516,204852010,-96,LTE,LTE,1350,396
43.05269349,12.54386878,240,222,1,20516,204852010,-97,LTE,LTE,1350,396
43.05212895,12.54468787,237,222,1,20516,204852010,-101,LTE,LTE,1350,396
43.05127269,12.54502842,235,222,1,20516,204852010,-104,LTE,LTE,1350,396
43.05043713,12.5446456,235,222,1,20516,204852010,-99,LTE,LTE,1350,396
43.04957713,12.54425019,237,222,1,20516,204852010,-101,LTE,LTE,1350,396
43.04957713,12.54425019,237,222,1,20516,204852010,-101,LTE,LTE,1350,396
43.04875122,12.54453533,239,222,1,20516,204852010,-101,LTE,LTE,1350,396
43.04802732,12.544919,238,222,1,20516,204852010,-101,LTE,LTE,1350,396
43.04724686,12.54529481,237,222,1,20516,53431083,-103,LTE,LTE,1350,290
43.04724686,12.54529481,237,222,1,20516,204852010,-101,LTE,LTE,1350,396
43.0467214,12.54454542,236,222,1,20516,53431083,-103,LTE,LTE,1350,290
43.0467214,12.54454542,236,222,1,20516,204852010,-96,LTE,LTE,1350,396
43.04627796,12.54340893,237,222,1,20516,53431083,-97,LTE,LTE,1350,290
43.04631041,12.54351286,236,222,1,20516,204852010,-96,LTE,LTE,1350,396
43.04627796,12.54340893,237,222,1,20516,53431083,-97,LTE,LTE,1350,290
43.04586951,12.54238966,237,222,1,20516,205194538,-101,LTE,LTE,1350,229
43.04546961,12.54128016,238,222,1,20516,53431083,-93,LTE,LTE,1350,290
43.04506745,12.54027172,239,222,1,20516,53431073,-94,LTE,LTE,275,10
43.04506745,12.54027172,239,222,1,20516,53431073,-94,LTE,LTE,275,10
43.04466372,12.53927104,239,222,1,20516,53431073,-106,LTE,LTE-A,275,10
43.04425886,12.53828617,238,222,1,20516,53431073,-106,LTE,LTE,275,10
43.04425886,12.53828617,238,222,1,20516,205194538,-99,LTE,LTE,1350,229
43.04385501,12.53714907,238,222,1,20516,205194538,-98,LTE,LTE,1350,229
43.04345698,12.53613161,237,222,1,20516,205194538,-103,LTE,LTE,1350,229
43.04299284,12.53510842,236,222,1,20516,53431083,-107,LTE,LTE,1350,290
43.0430869,12.53528155,236,222,1,20516,205194538,-103,LTE,LTE,1350,229
43.04299284,12.53510842,236,222,1,20516,53431083,-107,LTE,LTE,1350,290
43.04248731,12.53419635,235,222,1,20516,204852010,-109,LTE,LTE,1350,396
43.04211699,12.53306486,237,222,1,20516,53431083,-106,LTE,LTE,1350,290
43.04168952,12.53205948,236,222,1,20516,53431083,-106,LTE,LTE,1350,290
43.04168952,12.53205948,236,222,1,20516,205194538,-112,LTE,LTE,1350,229
43.04127906,12.53091256,236,222,1,20516,205194538,-107,LTE,LTE,1350,229
43.04127906,12.53091256,236,222,1,20516,205194538,-107,LTE,LTE,1350,229
43.04087234,12.52968682,236,222,1,20516,205253417,-106,LTE,LTE,1350,328
43.04032528,12.52861752,233,222,1,20516,205253417,-114,LTE,LTE,1350,328
43.03964768,12.52786933,227,222,1,20516,205194538,-113,LTE,LTE,1350,229
43.03964768,12.52786933,227,222,1,20516,205253417,-114,LTE,LTE,1350,328
43.03886449,12.52720156,235,222,1,20510,205553952,-112,LTE,LTE,275,254
43.03894048,12.52725447,235,222,1,20516,205194538,-113,LTE,LTE,1350,229
43.0382008,12.5267052,235,222,1,20510,205553952,-112,LTE,LTE,275,254
43.03812157,12.52665488,235,222,1,20516,205328426,-111,LTE,LTE,1350,6
43.03746274,12.52612339,226,222,1,20516,205328426,-111,LTE,LTE,1350,6
43.03739376,12.52607713,230,222,1,20510,204808490,-109,LTE,LTE,1350,400
43.03669414,12.5255396,231,222,1,20516,53431103,-102,LTE,LTE,6300,339
43.03677302,12.52559299,235,222,1,20510,204808490,-109,LTE,LTE,1350,400
43.03604658,12.52495492,228,222,1,20516,53431083,-108,LTE,LTE,1350,290
43.03611128,12.52501355,228,222,1,20516,53431103,-102,LTE,LTE,6300,339
43.03542749,12.52446685,231,222,1,20516,53431083,-108,LTE,LTE,1350,290
43.03529289,12.52434165,232,222,1,20516,205194538,-108,LTE,LTE,1350,229
43.03529289,12.52434165,232,222,1,20516,205194538,-108,LTE,LTE,1350,229
43.03451608,12.52374229,234,222,1,20516,53431083,-105,LTE,LTE,1350,290
43.03378224,12.52317448,233,222,1,20516,53431083,-105,LTE,LTE-A,1350,290
43.03378224,12.52317448,233,222,1,20516,205253417,-111,LTE,LTE-A,1350,328
43.03222012,12.52198422,236,222,1,20516,205194538,-111,LTE,LTE,1350,229
43.03222012,12.52198422,236,222,1,20516,205194538,-111,LTE,LTE,1350,229
43.03155037,12.52126192,233,222,1,20516,53431083,-104,LTE,LTE,1350,290
43.03082662,12.52042899,234,222,1,20516,205194538,-100,LTE,LTE,1350,229
43.03012328,12.51979823,232,222,1,20516,53431083,-99,LTE,LTE,1350,290
43.03012328,12.51979823,232,222,1,20516,205194538,-100,LTE,LTE,1350,229
43.02939625,12.51909336,235,222,1,20516,53431083,-99,LTE,LTE,1350,290
43.0293316,12.51901381,235,222,1,20516,205194538,-101,LTE,LTE,1350,229
43.02879175,12.5179458,235,222,1,20516,205194538,-103,LTE,LTE,1350,229
43.02879175,12.5179458,235,222,1,20516,205194538,-103,LTE,LTE,1350,229
43.02837351,12.51676651,232,222,1,20516,205253437,-107,LTE,LTE,6300,455
43.02799768,12.51574229,226,222,1,20516,205253437,-107,LTE,LTE,6300,455
43.02799768,12.51574229,226,222,1,20516,205194538,-104,LTE,LTE,1350,229
43.02763463,12.514727,239,222,1,20516,205194538,-104,LTE,LTE,1350,229
43.02763463,12.514727,239,222,1,20516,205091884,-107,LTE,LTE,1350,58
43.02749475,12.51358371,224,222,1,20516,205253417,-95,LTE,LTE,1350,328
43.02749475,12.51358371,224,222,1,20516,205091884,-107,LTE,LTE,1350,58
43.02734396,12.51246641,221,222,1,20516,205253417,-95,LTE,LTE,1350,328
43.02731515,12.51236058,221,222,1,20516,205253407,-106,LTE,LTE,275,34
43.02731515,12.51236058,221,222,1,20516,205253407,-106,LTE,LTE,275,34
43.02669645,12.51144186,217,222,1,20516,205253407,-107,LTE,LTE,275,34
43.02607758,12.5106756,221,222,1,20516,205253407,-102,LTE,LTE,275,34
43.02540704,12.5099692,225,222,1,20516,205253407,-104,LTE,LTE,275,34
43.02540704,12.5099692,225,222,1,20516,205253407,-104,LTE,LTE,275,34
43.02468426,12.50942149,230,222,1,20516,205253417,-92,LTE,LTE,1350,328
43.02468426,12.50942149,230,222,1,20516,205253407,-104,LTE,LTE,275,34
43.02409399,12.50847419,229,222,1,20516,205253417,-101,LTE,LTE,1350,328
43.02409399,12.50847419,229,222,1,20516,205253417,-101,LTE,LTE,1350,328
43.02364614,12.50727779,232,222,1,20516,205253417,-102,LTE,LTE,1350,328
43.02364614,12.50727779,232,222,1,20516,205253417,-102,LTE,LTE,1350,328
43.02320749,12.50645827,232,222,1,20516,205253417,-101,LTE,LTE,1350,328
43.02323165,12.50529002,231,222,1,20516,205253417,-100,LTE,LTE,1350,328
43.02323165,12.50529002,231,222,1,20516,205253417,-100,LTE,LTE,1350,328
43.0231513,12.5040877,230,222,1,20516,205253417,-102,LTE,LTE,1350,328
43.02279908,12.50309752,231,222,1,20516,205253417,-102,LTE,LTE,1350,328
43.02279908,12.50309752,231,222,1,20516,205253417,-102,LTE,LTE,1350,328
43.02238443,12.50224353,227,222,1,20516,205253407,-96,LTE,LTE,275,34
43.02202751,12.50114554,227,222,1,20516,205253407,-93,LTE,LTE,275,34
43.02202751,12.50114554,227,222,1,20516,205253407,-93,LTE,LTE,275,34
43.02191709,12.49986363,232,222,1,20516,205253417,-90,LTE,LTE,1350,328
43.02186478,12.49861843,231,222,1,20516,205253417,-89,LTE,LTE,1350,328
43.02186478,12.49861843,231,222,1,20516,205253417,-89,LTE,LTE,1350,328
43.02181738,12.49745274,232,222,1,20516,205253417,-92,LTE,LTE,1350,328
43.02176811,12.49618165,232,222,1,20516,205253417,-87,LTE,LTE,1350,328
43.02167482,12.49500892,228,222,1,20516,205253417,-90,LTE,LTE,1350,328
43.02135652,12.49377109,231,222,1,20516,205253417,-87,LTE,LTE-A,1350,328
43.02118758,12.49283667,234,222,1,20516,205253417,-97,LTE,LTE,1350,328
43.02108681,12.49178292,234,222,1,20516,205253417,-98,LTE,LTE,1350,328
43.02108681,12.49178292,234,222,1,20516,205253417,-98,LTE,LTE,1350,328
43.02100324,12.49066707,234,222,1,20516,205253417,-91,LTE,LTE,1350,328
43.02069272,12.48983637,234,222,1,20516,205253417,-101,LTE,LTE,1350,328
43.0203632,12.48900132,237,222,1,20516,205253417,-109,LTE,LTE-A,1350,328
43.02005777,12.48821529,240,222,1,20516,205253417,-109,LTE,LTE-A,1350,328
43.02005777,12.48821529,240,222,1,20516,205091883,-106,LTE,LTE-A,1350,59
43.02005777,12.48821529,240,222,1,20516,205091883,-106,LTE,LTE-A,1350,59
43.01978295,12.48660658,241,222,1,20516,205328426,-105,LTE,LTE,1350,6
43.01948843,12.48580771,239,222,1,20510,205553962,-102,LTE,LTE,1350,192
43.01948843,12.48580771,239,222,1,20510,205553962,-102,LTE,LTE,1350,192
43.01916713,12.4850986,242,222,1,20510,205553963,-99,LTE,LTE,1350,399
43.01901473,12.48418517,242,222,1,20516,205328426,-105,LTE,LTE,1350,6
43.01902285,12.48428094,243,222,1,20510,205553963,-99,LTE,LTE,1350,399
43.01893886,12.48339314,244,222,1,20516,205328426,-105,LTE,LTE,1350,6
43.01893361,12.48319349,243,222,1,20510,205553963,-99,LTE,LTE,1350,399
43.01893361,12.48319349,243,222,1,20510,205553963,-99,LTE,LTE,1350,399
43.01864325,12.48248635,249,222,1,20516,205091873,-87,LTE,LTE,275,456
43.01833147,12.4817469,241,222,1,20516,53431083,-97,LTE,LTE,1350,290
43.01809527,12.48117113,242,222,1,20516,53431083,-98,LTE,LTE,1350,290
43.01809527,12.48117113,242,222,1,20516,53431083,-98,LTE,LTE,1350,290
43.01775891,12.48045405,240,222,1,20516,53431083,-97,LTE,LTE,1350,290
43.01749714,12.4797769,247,222,1,20516,53431083,-97,LTE,LTE,1350,290
43.01749714,12.4797769,247,222,1,20510,205553963,-97,LTE,LTE,1350,399
43.01772984,12.47898757,247,222,1,20510,205553963,-101,LTE,LTE,1350,399
43.01791684,12.47826,240,222,1,20510,205553963,-101,LTE,LTE,1350,399
43.01813075,12.47740436,243,222,1,20516,53431083,-98,LTE,LTE,1350,290
43.0180536,12.47687667,244,222,1,20516,53431083,-116,LTE,LTE,1350,290
43.01828063,12.47545562,253,222,1,20516,53431083,-116,LTE,LTE,1350,290
43.01828063,12.47545562,253,222,1,20510,204811562,-121,LTE,LTE,1350,320
43.01893365,12.47413044,260,222,1,20510,204851499,-116,LTE,LTE,1350,151
43.01893365,12.47413044,260,222,1,20510,204811562,-121,LTE,LTE,1350,320
43.0196572,12.47255733,254,222,1,20510,204851499,-110,LTE,LTE,1350,151
43.02047659,12.47086298,246,222,1,20510,204851499,-108,LTE,LTE,1350,151
43.02047659,12.47086298,246,222,1,20510,204851499,-108,LTE,LTE,1350,151
43.02109693,12.46919122,241,222,1,20510,204851499,-114,LTE,LTE,1350,151
43.02182372,12.46785809,235,222,1,20510,204851499,-116,LTE,LTE,1350,151
43.02218067,12.46655726,230,222,1,20516,205253438,-111,LTE,LTE,6300,466
43.02218067,12.46655726,230,222,1,20516,205253438,-111,LTE,LTE,6300,466
43.02222543,12.46535425,244,222,1,20510,204851499,-111,LTE,LTE,1350,151
43.02215881,12.46426298,245,222,1,20509,204947242,-124,LTE,LTE,1350,291
43.02192932,12.46311647,239,222,1,20510,204851519,-110,LTE,LTE,6300,317
43.02192932,12.46311647,239,222,1,20510,204851519,-110,LTE,LTE,6300,317
43.02166778,12.4619517,247,222,1,20510,204851499,-112,LTE,LTE,1350,151
43.02175286,12.46063696,242,222,1,20510,204851519,-109,LTE,LTE,6300,317
43.02175286,12.46063696,242,222,1,20510,204851519,-109,LTE,LTE,6300,317
43.02190196,12.45945278,245,222,1,20510,204851519,-109,LTE,LTE,6300,317
43.02190196,12.45945278,245,222,1,20510,204851499,-112,LTE,LTE,1350,151
43.02208639,12.45845003,246,222,1,20510,204851499,-109,LTE,LTE,1350,151
43.02199773,12.45877704,239,222,1,20510,204851499,-99,LTE,LTE,1350,151
43.02199773,12.45877704,239,222,1,20510,204851499,-99,LTE,LTE,1350,151
43.02189279,12.45956326,240,222,1,20510,204851499,-108,LTE,LTE,1350,151
43.02170379,12.46090906,241,222,1,20510,204851499,-112,LTE,LTE,1350,151
43.02170379,12.46090906,241,222,1,20510,204851499,-112,LTE,LTE,1350,151
43.02158975,12.4619424,244,222,1,20510,204851499,-111,LTE,LTE,1350,151
43.02184144,12.46292968,244,222,1,20510,204851499,-107,LTE,LTE,1350,151
43.02207329,12.4639176,244,222,1,20510,204851499,-109,LTE,LTE,1350,151
43.02207329,12.4639176,244,222,1,20510,204851499,-109,LTE,LTE,1350,151
43.02215247,12.46490738,244,222,1,20510,204851499,-120,LTE,LTE,1350,151
43.02220968,12.46599363,242,222,1,20510,204851519,-104,LTE,LTE,6300,317
43.02207035,12.46722623,245,222,1,20510,204851499,-111,LTE,LTE,1350,151
43.02207035,12.46722623,245,222,1,20510,204851499,-111,LTE,LTE,1350,151
43.02168143,12.46810179,242,222,1,20510,204851499,-115,LTE,LTE,1350,151
43.02125225,12.46888761,251,222,1,20510,204851499,-116,LTE,LTE,1350,151
43.02125225,12.46888761,251,222,1,20510,204851499,-116,LTE,LTE,1350,151
43.02091726,12.46969438,252,222,1,20510,204851499,-115,LTE,LTE,1350,151
43.02061597,12.47050875,249,222,1,20510,204851499,-105,LTE,LTE,1350,151
43.02032986,12.47115907,251,222,1,20510,204851499,-102,LTE,LTE,1350,151
43.02007708,12.47168309,252,222,1,20510,204851499,-97,LTE,LTE,1350,151
43.02007708,12.47168309,252,222,1,20510,204851499,-97,LTE,LTE,1350,151
43.01985163,12.47211854,255,222,1,20510,204851499,-102,LTE,LTE,1350,151
43.0196052,12.47264454,257,222,1,20510,204851499,-113,LTE,LTE,1350,151
43.01939051,12.47307727,248,222,1,20510,204851499,-113,LTE,LTE,1350,151
43.01936999,12.47313563,249,222,1,20510,204811562,-117,LTE,LTE,1350,320
43.01916118,12.4736405,262,222,1,20510,204851499,-114,LTE,LTE,1350,151
43.0191925,12.47359987,263,222,1,20510,204811562,-117,LTE,LTE,1350,320
43.01891227,12.474211,253,222,1,20510,204851499,-114,LTE,LTE,1350,151
43.01860992,12.47488608,262,222,1,20510,204851499,-112,LTE,LTE,1350,151
43.01860992,12.47488608,262,222,1,20510,204851499,-112,LTE,LTE,1350,151
43.01833859,12.4754321,261,222,1,20510,204851499,-113,LTE,LTE,1350,151
43.01803552,12.47586695,243,222,1,20510,204851499,-112,LTE,LTE,1350,151
43.01795675,12.47649758,263,222,1,20510,204851499,-117,LTE,LTE,1350,151
43.01795675,12.47649758,263,222,1,20510,204851499,-117,LTE,LTE,1350,151
43.01815895,12.47715494,247,222,1,20516,53431083,-109,LTE,LTE,1350,290
43.01815895,12.47715494,247,222,1,20510,204851499,-117,LTE,LTE,1350,151
43.01787181,12.47826566,258,222,1,20516,53431083,-107,LTE,LTE,1350,290
43.01787181,12.47826566,258,222,1,20516,53431083,-107,LTE,LTE,1350,290
43.01753369,12.47962265,258,222,1,20516,204852030,-105,LTE,LTE,6300,37
43.01800009,12.48099598,251,222,1,20516,53431083,-109,LTE,LTE,1350,290
43.01800009,12.48099598,251,222,1,20516,204852030,-105,LTE,LTE,6300,37
43.0186156,12.48247908,251,222,1,20516,53431083,-107,LTE,LTE,1350,290
43.0189471,12.48383809,254,222,1,20516,53431083,-107,LTE,LTE,1350,290
43.01896692,12.48399375,254,222,1,20511,204816681,-110,LTE,LTE,1350,17
43.0193309,12.48557882,249,222,1,20516,205328426,-109,LTE,LTE,1350,6
43.0192261,12.48531035,249,222,1,20511,204816681,-110,LTE,LTE,1350,17
43.0193309,12.48557882,249,222,1,20516,205328426,-109,LTE,LTE,1350,6
43.01969183,12.48703697,248,222,1,20509,204947232,-105,LTE,LTE,275,135
43.02000888,12.48828244,240,222,1,20509,204947232,-105,LTE,LTE,275,135
43.02000888,12.48828244,240,222,1,20510,205553953,-123,LTE,LTE,275,48
43.02047597,12.48951143,238,222,1,20516,205253418,-101,LTE,LTE,1350,327
43.02047597,12.48951143,238,222,1,20510,205553953,-123,LTE,LTE,275,48
43.02047597,12.48951143,238,222,1,20516,205253418,-101,LTE,LTE,1350,327
43.02095848,12.49082742,235,222,1,20516,205253417,-86,LTE,LTE,1350,328
43.02106801,12.49206323,236,222,1,20516,205253417,-105,LTE,LTE,1350,328
43.0212293,12.4932868,234,222,1,20516,205253417,-89,LTE,LTE,1350,328
43.0212293,12.4932868,234,222,1,20516,205253417,-89,LTE,LTE,1350,328
43.02148134,12.49471622,232,222,1,20516,205253417,-84,LTE,LTE,1350,328
43.02168579,12.49599582,232,222,1,20516,205253417,-88,LTE,LTE,1350,328
43.02173361,12.49713862,232,222,1,20516,205253417,-86,LTE,LTE,1350,328
43.02176087,12.49818232,232,222,1,20516,205253417,-88,LTE,LTE,1350,328
43.02183965,12.4992168,232,222,1,20516,205253417,-99,LTE,LTE,1350,328
43.0219083,12.50023039,232,222,1,20516,205253417,-77,LTE,LTE,1350,328
43.0219083,12.50023039,232,222,1,20516,205253417,-77,LTE,LTE,1350,328
43.02193096,12.50131984,233,222,1,20516,205253417,-78,LTE,LTE,1350,328
43.02230792,12.50226333,233,222,1,20516,205253417,-86,LTE,LTE,1350,328
43.02273649,12.5032437,234,222,1,20516,205253417,-98,LTE,LTE,1350,328
43.02310518,12.50421949,234,222,1,20516,205253417,-104,LTE,LTE,1350,328
43.02318408,12.50530119,235,222,1,20516,205253417,-97,LTE,LTE,1350,328
43.02300668,12.50632646,234,222,1,20516,205253417,-97,LTE,LTE-A,1350,328
43.02296663,12.50640377,234,222,1,20516,205253407,-95,LTE,LTE-A,275,34
43.02296663,12.50640377,234,222,1,20516,205253407,-95,LTE,LTE-A,275,34
43.02347237,12.50705304,236,222,1,20516,205253417,-80,LTE,LTE,1350,328
43.02387484,12.50804507,235,222,1,20516,205253417,-98,LTE,LTE,1350,328
43.02387484,12.50804507,235,222,1,20516,205253417,-98,LTE,LTE,1350,328
43.02430886,12.50902998,233,222,1,20516,205253417,-101,LTE,LTE,1350,328
43.02488385,12.50964411,233,222,1,20516,205253417,-85,LTE,LTE,1350,328
43.02573155,12.51035543,232,222,1,20516,205253417,-84,LTE,LTE,1350,328
43.0263682,12.5110704,232,222,1,20516,205253417,-93,LTE,LTE,1350,328
43.0269761,12.51178033,233,222,1,20516,205253417,-86,LTE,LTE,1350,328
43.0269761,12.51178033,233,222,1,20516,205253417,-86,LTE,LTE,1350,328
43.02742554,12.51262371,234,222,1,20516,205253417,-94,LTE,LTE,1350,328
43.02750297,12.51376849,232,222,1,20516,205253417,-90,LTE,LTE,1350,328
43.02750297,12.51376849,232,222,1,20516,205253417,-90,LTE,LTE,1350,328
43.02765336,12.51480994,231,222,1,20516,205253417,-95,LTE,LTE,1350,328
43.02799553,12.51572678,227,222,1,20516,205253407,-109,LTE,LTE,275,34
43.02832499,12.51664583,226,222,1,20516,205253407,-95,LTE,LTE,275,34
43.02867724,12.5175332,228,222,1,20516,205253407,-111,LTE,LTE,275,34
43.02903394,12.51848616,228,222,1,20516,205253407,-98,LTE,LTE,275,34
43.02903394,12.51848616,228,222,1,20516,205253407,-98,LTE,LTE,275,34
43.02955761,12.51934531,232,222,1,20516,205253407,-86,LTE,LTE,275,34
43.03016723,12.5199387,232,222,1,20516,205253417,-100,LTE,LTE,1350,328
43.03016723,12.5199387,232,222,1,20516,205253407,-86,LTE,LTE,275,34
43.03078807,12.52050357,232,222,1,20516,205253417,-96,LTE,LTE,1350,328
43.03141306,12.52121603,230,222,1,20516,205253417,-99,LTE,LTE,1350,328
43.03201625,12.52192281,230,222,1,20516,205253417,-102,LTE,LTE,1350,328
43.03271212,12.52254535,230,222,1,20516,205253417,-99,LTE,LTE,1350,328
43.03271212,12.52254535,230,222,1,20516,205253417,-99,LTE,LTE,1350,328
43.03347666,12.52306639,230,222,1,20516,205253417,-100,LTE,LTE,1350,328
43.03413471,12.52356366,230,222,1,20516,205253417,-94,LTE,LTE,1350,328
43.03481294,12.5240884,225,222,1,20516,205253417,-94,LTE,LTE,1350,328
43.03481294,12.5240884,225,222,1,20516,205253407,-101,LTE,LTE,275,34
43.03549501,12.52463055,226,222,1,20516,205253407,-104,LTE,LTE,275,34
43.03623426,12.52525166,225,222,1,20516,205253407,-102,LTE,LTE,275,34
43.03623426,12.52525166,225,222,1,20516,205253407,-102,LTE,LTE,275,34
43.03694665,12.52580897,235,222,1,20516,205253417,-105,LTE,LTE,1350,328
43.03757415,12.52629269,234,222,1,20516,205253437,-91,LTE,LTE,6300,455
43.03821405,12.52679223,234,222,1,20516,205253437,-89,LTE,LTE,6300,455
43.03887347,12.52728763,233,222,1,20516,205253437,-89,LTE,LTE,6300,455
43.03900384,12.52739012,233,222,1,20516,205253417,-95,LTE,LTE,1350,328
43.03900384,12.52739012,233,222,1,20516,205253417,-95,LTE,LTE,1350,328
43.03966366,12.52795069,231,222,1,20516,205253407,-103,LTE,LTE,275,34
43.04024783,12.52862095,227,222,1,20516,205253407,-105,LTE,LTE,275,34
43.04076109,12.52956283,226,222,1,20516,205253407,-106,LTE,LTE,275,34
43.04076109,12.52956283,226,222,1,20516,205253407,-106,LTE,LTE,275,34
43.04106718,12.53044286,231,222,1,20516,205253417,-114,LTE,LTE,1350,328
43.0413476,12.53125294,234,222,1,20516,205340971,-111,LTE,LTE,1350,3
43.04168406,12.53213905,236,222,1,20516,53431083,-118,LTE,LTE,1350,290
43.04168406,12.53213905,236,222,1,20516,53431083,-118,LTE,LTE,1350,290
43.04205542,12.5329681,239,222,1,20516,53431083,-118,LTE,LTE,1350,290
43.04205542,12.5329681,239,222,1,20516,205194538,-113,LTE,LTE,1350,229
43.04249312,12.53318262,238,222,1,20516,205194538,-113,LTE,LTE,1350,229
43.04249312,12.53318262,238,222,1,20516,205091873,-123,LTE,LTE,275,456
43.04328119,12.53274122,240,222,1,20516,204852030,-113,LTE,LTE,6300,37
43.04320989,12.53277827,239,222,1,20516,205091873,-123,LTE,LTE,275,456
43.04328119,12.53274122,240,222,1,20516,204852030,-113,LTE,LTE,6300,37
43.04386236,12.53201334,239,222,1,20516,204852010,-111,LTE,LTE,1350,396
43.04446008,12.5310194,237,222,1,20516,53431083,-116,LTE,LTE,1350,290
43.04446008,12.5310194,237,222,1,20516,53431083,-116,LTE,LTE,1350,290
43.04502044,12.53009903,235,222,1,20516,53431083,-116,LTE,LTE,1350,290
43.04502044,12.53009903,235,222,1,20516,205253417,-113,LTE,LTE,1350,328
43.04550401,12.52920121,237,222,1,20516,205253437,-100,LTE,LTE,6300,455
43.04550401,12.52920121,237,222,1,20516,205253417,-113,LTE,LTE,1350,328
43.04589899,12.52823193,235,222,1,20516,205253437,-100,LTE,LTE,6300,455
43.0459381,12.52813246,235,222,1,20516,205253417,-108,LTE,LTE,1350,328
43.04623126,12.52704037,237,222,1,20516,205253417,-115,LTE,LTE,1350,328
43.04623126,12.52704037,237,222,1,20516,205253417,-115,LTE,LTE,1350,328
43.04643286,12.5260695,241,222,1,20510,205553962,-109,LTE,LTE,1350,192
43.04664548,12.5249644,241,222,1,20510,205553962,-99,LTE,LTE,1350,192
43.04667165,12.5238321,240,222,1,20510,205553962,-103,LTE,LTE,1350,192
43.04672112,12.52262106,240,222,1,20516,205253417,-102,LTE,LTE,1350,328
43.04671423,12.52272707,240,222,1,20510,205553962,-103,LTE,LTE,1350,192
43.04672112,12.52262106,240,222,1,20516,205253417,-102,LTE,LTE,1350,328
43.04702758,12.52150588,237,222,1,20516,53431083,-105,LTE,LTE,1350,290
43.04737242,12.52065548,236,222,1,20516,53431083,-119,LTE,LTE,1350,290
43.04772429,12.51974892,234,222,1,20516,53431083,-119,LTE,LTE,1350,290
43.04778207,12.51954781,234,222,1,20510,205553962,-100,LTE,LTE,1350,192
43.04778207,12.51954781,234,222,1,20510,205553962,-100,LTE,LTE,1350,192
43.048051,12.51862899,233,222,1,20516,205253417,-101,LTE,LTE,1350,328
43.04833444,12.51774088,238,222,1,20516,205194538,-98,LTE,LTE,1350,229
43.04885416,12.51697689,238,222,1,20516,205194538,-100,LTE,LTE,1350,229
43.04885416,12.51697689,238,222,1,20516,205194538,-100,LTE,LTE,1350,229
43.04944414,12.51652692,238,222,1,20516,205194538,-100,LTE,LTE,1350,229
43.04944414,12.51652692,238,222,1,20516,205253417,-100,LTE,LTE,1350,328
43.04966518,12.5156214,241,222,1,20516,205253417,-100,LTE,LTE,1350,328
43.0496802,12.51553632,241,222,1,20516,205328426,-96,LTE,LTE,1350,6
43.0496802,12.51553632,241,222,1,20516,205328426,-96,LTE,LTE,1350,6
43.04986782,12.51453434,239,222,1,20510,205553962,-102,LTE,LTE,1350,192
43.05004444,12.51361579,240,222,1,20510,205553962,-107,LTE,LTE,1350,192
43.05024035,12.51265496,240,222,1,20510,204808490,-104,LTE,LTE,1350,400
43.05024035,12.51265496,240,222,1,20510,205553962,-107,LTE,LTE,1350,192
43.05042334,12.5116309,241,222,1,20510,204808490,-104,LTE,LTE,1350,400
43.05043661,12.51153486,241,222,1,20510,205553962,-95,LTE,LTE,1350,192
43.05059654,12.51052478,236,222,1,20510,205553962,-93,LTE,LTE,1350,192
43.05073951,12.50952512,237,222,1,20516,205328426,-99,LTE,LTE,1350,6
43.05073072,12.50963354,237,222,1,20510,205553962,-93,LTE,LTE,1350,192
43.05092688,12.50848522,234,222,1,20516,205253417,-108,LTE,LTE,1350,328
43.05089594,12.50858217,232,222,1,20516,205328426,-99,LTE,LTE,1350,6
43.05092688,12.50848522,234,222,1,20516,205253417,-108,LTE,LTE,1350,328
43.05129603,12.50734163,236,222,1,20510,205553962,-90,LTE,LTE,1350,192
43.05162354,12.50644745,239,222,1,20510,205553962,-92,LTE,LTE,1350,192
43.05208754,12.50573892,239,222,1,20510,205553962,-90,LTE,LTE,1350,192
43.05240338,12.5048441,240,222,1,20510,205553962,-88,LTE,LTE,1350,192
43.05279267,12.50399936,237,222,1,20510,205553962,-92,LTE,LTE,1350,192
43.05316918,12.50299102,237,222,1,20516,205253437,-92,LTE,LTE,6300,455
43.05314819,12.50308285,240,222,1,20510,205553962,-92,LTE,LTE,1350,192
43.05316918,12.50299102,237,222,1,20516,205253437,-92,LTE,LTE,6300,455
43.05333303,12.50193481,236,222,1,20510,205553962,-92,LTE,LTE,1350,192
43.05353765,12.50097179,237,222,1,20510,205553962,-90,LTE,LTE,1350,192
43.05367637,12.49995052,237,222,1,20510,205553962,-89,LTE,LTE,1350,192
43.0538246,12.49898041,234,222,1,20516,53431083,-98,LTE,LTE,1350,290
43.0538246,12.49898041,234,222,1,20510,205553962,-89,LTE,LTE,1350,192
43.05420219,12.49814182,236,222,1,20516,53431083,-98,LTE,LTE,1350,290
43.05424021,12.49805011,236,222,1,20510,205553962,-90,LTE,LTE,1350,192
43.05460927,12.49708502,236,222,1,20510,205553962,-89,LTE,LTE,1350,192
43.05460927,12.49708502,236,222,1,20510,205553962,-89,LTE,LTE,1350,192
43.05487196,12.49626364,241,222,1,20510,205553963,-91,LTE,LTE,1350,399
43.05535207,12.49613047,240,222,1,20510,205553963,-95,LTE,LTE,1350,399
43.05596079,12.49692473,234,222,1,20510,205553963,-91,LTE,LTE,1350,399
43.05596079,12.49692473,234,222,1,20510,205553963,-91,LTE,LTE,1350,399
43.05651525,12.49764857,235,222,1,20510,205553962,-96,LTE,LTE,1350,192
43.05708229,12.49832479,240,222,1,20510,205553963,-95,LTE,LTE,1350,399
43.05761446,12.49900531,240,222,1,20510,205553963,-95,LTE,LTE,1350,399
43.05820608,12.49971823,239,222,1,20510,205553963,-103,LTE,LTE,1350,399
43.05820608,12.49971823,239,222,1,20510,205553963,-103,LTE,LTE,1350,399
43.05876428,12.5003617,240,222,1,20510,205553963,-98,LTE,LTE,1350,399
43.05929261,12.50098265,234,222,1,20516,205253417,-101,LTE,LTE,1350,328
43.05993148,12.50181631,233,222,1,20516,205253417,-101,LTE,LTE,1350,328
43.06049027,12.50250999,232,222,1,20516,205253417,-107,LTE,LTE,1350,328
43.06107516,12.50317526,238,222,1,20516,205253417,-107,LTE,LTE,1350,328
43.06107516,12.50317526,238,222,1,20510,205553962,-89,LTE,LTE,1350,192
43.06165473,12.50385256,241,222,1,20510,205553962,-87,LTE,LTE,1350,192
43.06229595,12.50461159,243,222,1,20510,205553962,-98,LTE,LTE,1350,192
43.06287909,12.50534001,238,222,1,20510,205553962,-96,LTE,LTE,1350,192
43.06355851,12.50615571,235,222,1,20510,205553962,-97,LTE,LTE,1350,192
43.06355851,12.50615571,235,222,1,20510,205553962,-97,LTE,LTE,1350,192
43.06416001,12.50684374,234,222,1,20510,205553962,-103,LTE,LTE,1350,192
43.06476851,12.50768488,233,222,1,20510,205553962,-75,LTE,LTE,1350,192
43.06497524,12.50872032,234,222,1,20510,205553962,-89,LTE,LTE,1350,192
43.06498236,12.50980209,233,222,1,20510,205553962,-90,LTE,LTE,1350,192
43.06483182,12.51096297,234,222,1,20510,205553962,-95,LTE,LTE,1350,192
43.06483182,12.51096297,234,222,1,20510,205553962,-95,LTE,LTE,1350,192
43.06462035,12.51211153,235,222,1,20510,205553962,-99,LTE,LTE,1350,192
43.06451969,12.51321801,237,222,1,20510,205553962,-106,LTE,LTE,1350,192
43.06445299,12.51427334,239,222,1,20510,205553962,-105,LTE,LTE,1350,192
43.06437668,12.51551681,235,222,1,20510,205553962,-102,LTE,LTE,1350,192
43.06425451,12.51679952,235,222,1,20510,205553962,-104,LTE,LTE,1350,192
43.06425451,12.51679952,235,222,1,20510,205553962,-104,LTE,LTE,1350,192
43.06417643,12.51784257,237,222,1,20510,205553962,-106,LTE,LTE,1350,192
43.06410376,12.51888169,240,222,1,20510,205553962,-106,LTE,LTE,1350,192
43.06401281,12.51990971,241,222,1,20510,205553962,-104,LTE,LTE-A,1350,192
43.06391408,12.52097765,242,222,1,20510,205553962,-104,LTE,LTE,1350,192
43.06392102,12.52228679,241,222,1,20510,205553962,-100,LTE,LTE,1350,192
43.06392102,12.52228679,241,222,1,20510,205553962,-100,LTE,LTE,1350,192
43.06415514,12.5233411,239,222,1,20510,205553962,-103,LTE,LTE-A,1350,192
43.06441614,12.52437895,240,222,1,20510,205553962,-108,LTE,LTE-A,1350,192
43.06468318,12.52542608,238,222,1,20510,205553962,-98,LTE,LTE,1350,192
43.06498949,12.52655079,236,222,1,20510,205553962,-101,LTE,LTE,1350,192
43.06524835,12.52753045,237,222,1,20510,205553962,-104,LTE,LTE,1350,192
43.06553028,12.52852988,238,222,1,20510,205553962,-113,LTE,LTE,1350,192
43.06553028,12.52852988,238,222,1,20510,205553962,-113,LTE,LTE,1350,192
43.06579511,12.52960088,240,222,1,20516,205328426,-105,LTE,LTE,1350,6
43.0660208,12.53061621,244,222,1,20510,205805354,-93,LTE,LTE,1350,102
43.06628053,12.5317365,241,222,1,20510,205553962,-90,LTE,LTE,1350,192
43.06628053,12.5317365,241,222,1,20510,205553962,-90,LTE,LTE,1350,192
43.06644474,12.53281005,241,222,1,20510,205553962,-110,LTE,LTE,1350,192
43.06658162,12.53383369,244,222,1,20516,204852011,-109,LTE,LTE,1350,398
43.06658162,12.53383369,244,222,1,20510,205553962,-110,LTE,LTE,1350,192
43.06659299,12.53489414,245,222,1,20516,204852031,-97,LTE,LTE,6300,180
43.06661643,12.53485099,244,222,1,20516,204852011,-109,LTE,LTE,1350,398
43.06659299,12.53489414,245,222,1,20516,204852031,-97,LTE,LTE,6300,180
43.06649113,12.53555051,244,222,1,20516,204852031,-101,LTE,LTE,6300,180
43.06648569,12.53659494,242,222,1,20516,204852031,-108,LTE,LTE,6300,180
43.06662781,12.53768518,245,222,1,20516,204852031,-108,LTE,LTE,6300,180
43.06662781,12.53768518,245,222,1,20516,204852011,-107,LTE,LTE,1350,398
43.0665769,12.53876781,245,222,1,20516,204852011,-108,LTE,LTE,1350,398
43.06653839,12.53974446,248,222,1,20516,204852011,-107,LTE,LTE,1350,398
43.066546,12.5408645,249,222,1,20516,204852011,-104,LTE,LTE,1350,398
43.066546,12.5408645,249,222,1,20516,204852011,-104,LTE,LTE,1350,398
43.06656611,12.54188339,250,222,1,20516,204852011,-106,LTE,LTE,1350,398
43.06660632,12.54289666,250,222,1,20516,204852011,-105,LTE,LTE,1350,398
43.06687417,12.54389386,249,222,1,20516,204852011,-81,LTE,LTE,1350,398
43.06687417,12.54389386,249,222,1,20516,204852011,-81,LTE,LTE,1350,398
43.06736865,12.54463893,246,222,1,20516,204852011,-89,LTE,LTE,1350,398
43.06751374,12.54561346,243,222,1,20516,204852009,-106,LTE,LTE,1350,397
43.06769111,12.54656752,243,222,1,20516,204852009,-107,LTE,LTE,1350,397
43.06784743,12.54754189,246,222,1,20516,204852009,-98,LTE,LTE,1350,397
43.06780535,12.54829971,251,222,1,20516,205396521,-115,LTE,LTE,1350,384
43.06780535,12.54829971,251,222,1,20516,204852009,-98,LTE,LTE,1350,397
43.06719766,12.54845166,243,222,1,20516,205396521,-115,LTE,LTE,1350,384
43.06721893,12.54848425,244,222,1,20516,204852009,-118,LTE,LTE,1350,397
43.06721893,12.54848425,244,222,1,20516,204852009,-118,LTE,LTE,1350,397
43.06663263,12.54887107,251,222,1,20516,204852029,-102,LTE,LTE,6300,36
43.06571532,12.5489531,252,222,1,20516,204852029,-97,LTE,LTE,6300,36
43.06487569,12.54871445,252,222,1,20516,204852029,-98,LTE,LTE,6300,36
43.0640666,12.54830817,253,222,1,20516,204852029,-97,LTE,LTE,6300,36
43.06339675,12.54795655,252,222,1,20516,204852029,-90,LTE,LTE,6300,36
43.06284752,12.54753026,245,222,1,20516,204852029,-90,LTE,LTE,6300,36
43.06279128,12.54734907,246,222,1,20516,204852009,-83,LTE,LTE,1350,397
43.06284752,12.54753026,245,222,1,20516,204852029,-90,LTE,LTE,6300,36
43.06279128,12.54734907,246,222,1,20516,204852009,-83,LTE,LTE,1350,397
43.06257011,12.54801874,249,222,1,20516,204852009,-83,LTE,LTE,1350,397
43.06257011,12.54801874,249,222,1,20516,204852009,-83,LTE,LTE,1350,397
43.06233856,12.54891958,251,222,1,20516,204852029,-79,LTE,LTE,6300,36
43.06211299,12.54984875,286,222,1,20516,204852029,-79,LTE,LTE,6300,36
43.06208074,12.54994459,287,222,1,20511,204816661,-107,LTE,LTE,3175,129
43.06182732,12.55103293,247,222,1,20516,204852009,-95,LTE,LTE,1350,397
43.06182732,12.55103293,247,222,1,20516,204852009,-95,LTE,LTE,1350,397
43.06156589,12.55200461,247,222,1,20516,204852009,-101,LTE,LTE,1350,397
43.06129591,12.55296808,249,222,1,20516,204852009,-76,LTE,LTE,1350,397
43.06094159,12.55380112,249,222,1,20516,204852009,-93,LTE,LTE,1350,397
43.06013103,12.55347241,252,222,1,20516,204852009,-100,LTE,LTE,1350,397
43.06013103,12.55347241,252,222,1,20516,204852009,-100,LTE,LTE,1350,397
43.05943087,12.55304522,249,222,1,20516,204852009,-112,LTE,LTE,1350,397
43.05921624,12.55226373,250,222,1,20516,204852009,-96,LTE,LTE,1350,397
43.05927178,12.55290174,250,222,1,20516,204852009,-97,LTE,LTE,1350,397
43.05927178,12.55290174,250,222,1,20516,204852009,-97,LTE,LTE,1350,397
43.05995024,12.55334924,246,222,1,20516,204852009,-99,LTE,LTE,1350,397
43.06060152,12.55372672,247,222,1,20516,204852009,-85,LTE,LTE,1350,397
43.06096227,12.55307828,249,222,1,20516,204852009,-85,LTE,LTE,1350,397
43.0612299,12.55211197,248,222,1,20516,204852009,-91,LTE,LTE,1350,397
43.0612299,12.55211197,248,222,1,20516,204852009,-91,LTE,LTE,1350,397
43.06155746,12.55209485,244,222,1,20516,204852009,-97,LTE,LTE,1350,397
43.06173992,12.55153287,246,222,1,20516,204852009,-95,LTE,LTE,1350,397
43.06173992,12.55153287,246,222,1,20516,204852009,-95,LTE,LTE,1350,397
43.06201427,12.55058411,246,222,1,20516,204852009,-95,LTE,LTE,1350,397
43.06224939,12.54969872,248,222,1,20516,204852009,-81,LTE,LTE,1350,397
43.06281788,12.54984901,249,222,1,20516,204852009,-74,LTE,LTE,1350,397
43.06281788,12.54984901,249,222,1,20516,204852009,-74,LTE,LTE,1350,397
43.06348928,12.55021469,250,222,1,20516,204852029,-84,LTE,LTE,6300,36
43.06371676,12.5507018,249,222,1,20516,204852029,-83,LTE,LTE,6300,36
43.06347847,12.55142955,245,222,1,20516,204852029,-83,LTE,LTE,6300,36
43.06341173,12.55142894,246,222,1,20516,204852009,-101,LTE,LTE,1350,397
43.06291979,12.5512,247,222,1,20516,204852009,-105,LTE,LTE,1350,397
43.06261475,12.55099339,248,222,1,20516,204852009,-109,LTE,LTE,1350,397
43.06263907,12.55095724,248,222,1,20516,204852009,-106,LTE,LTE,1350,397
43.06263907,12.55095724,248,222,1,20516,204852009,-106,LTE,LTE,1350,397
43.06264127,12.55095354,247,222,1,20516,204852009,-117,LTE,LTE,1350,397
43.06262694,12.55098934,246,222,1,20516,204852009,-120,LTE,LTE,1350,397
43.06262694,12.55098934,246,222,1,20516,204852009,-120,LTE,LTE,1350,397
43.06262826,12.55099972,255,222,1,20516,53431081,-116,LTE,LTE,1350,181
43.06263186,12.55100485,243,222,1,20516,204852009,-124,LTE,LTE,1350,397
43.06275638,12.55095043,253,222,1,20516,204852029,-122,LTE,LTE,6300,36
