lat,lon,mcc,mnc,sid,lac,tac,nid,cellid,bid,psc,pci,signal,ta,measured_at,rating,speed,direction,act,devn
43.06265601,12.55061594,222,1,,,20301,,53431081,,,181,15,10,"2025-04-08 15:44:30.824Z",23,0,0,LTE,"Xiaomi Redmi Note 7"
43.06251173,12.55080909,222,1,,,20301,,204852009,,,397,19,,"2025-04-08 15:44:35.064Z",9,6,200,LTE,"Xiaomi Redmi Note 7"
43.06207864,12.55063561,222,1,,,20301,,204852009,,,397,19,,"2025-04-08 15:44:41.786Z",6,4,201,LTE,"Xiaomi Redmi Note 7"
43.06215263,12.55011164,222,1,,,20301,,205091874,,,101,17,,"2025-04-08 15:44:55.061Z",4,2,273,LTE,"Xiaomi Redmi Note 7"
43.06189756,12.55082541,222,1,,,20301,,205091874,,,101,17,,"2025-04-08 15:45:07.768Z",9,8,106,LTE,"Xiaomi Redmi Note 7"
43.06173727,12.55141814,222,1,,,20301,,205091874,,,101,17,,"2025-04-08 15:45:13.779Z",9,8,114,LTE,"Xiaomi Redmi Note 7"
43.06170942,12.55153069,222,1,,,20301,,204852009,,,397,28,4,"2025-04-08 15:45:15.002Z",9,8,114,LTE,"Xiaomi Redmi Note 7"
43.06151575,12.55209125,222,1,,,20301,,204852009,,,397,28,4,"2025-04-08 15:45:20.783Z",8,8,109,LTE,"Xiaomi Redmi Note 7"
43.06133719,12.55261581,222,1,,,20301,,204852009,,,397,28,4,"2025-04-08 15:45:25.792Z",9,9,116,LTE,"Xiaomi Redmi Note 7"
43.06119586,12.55325248,222,1,,,20301,,204852009,,,397,28,4,"2025-04-08 15:45:31.791Z",12,8,114,LTE,"Xiaomi Redmi Note 7"
43.06101801,12.55376864,222,1,,,20301,,204852009,,,397,30,,"2025-04-08 15:45:37.786Z",19,8,122,LTE,"Xiaomi Redmi Note 7"
43.06058398,12.55368812,222,1,,,20301,,204852009,,,397,30,,"2025-04-08 15:45:43.785Z",15,9,200,LTE,"Xiaomi Redmi Note 7"
43.06018153,12.55348236,222,1,,,20301,,204852009,,,397,30,,"2025-04-08 15:45:48.788Z",10,8,204,LTE,"Xiaomi Redmi Note 7"
43.05973909,12.55327469,222,1,,,20301,,204852009,,,397,30,,"2025-04-08 15:45:54.782Z",8,9,198,LTE,"Xiaomi Redmi Note 7"
43.05939013,12.55298329,222,1,,,20301,,204852009,,,397,21,,"2025-04-08 15:45:59.762Z",10,8,229,LTE,"Xiaomi Redmi Note 7"
43.05933187,12.55243598,222,1,,,20301,,205091874,,,101,23,13,"2025-04-08 15:46:05.134Z",8,8,257,LTE,"Xiaomi Redmi Note 7"
43.05901604,12.55280135,222,1,,,20301,,205091874,,,101,23,13,"2025-04-08 15:46:13.787Z",6,9,75,LTE,"Xiaomi Redmi Note 7"
43.05899933,12.55342546,222,1,,,20301,,205091874,,,101,23,13,"2025-04-08 15:46:19.773Z",9,9,98,LTE,"Xiaomi Redmi Note 7"
43.05889057,12.55391256,222,1,,,20301,,204852009,,,397,26,,"2025-04-08 15:46:25.073Z",8,8,117,LTE,"Xiaomi Redmi Note 7"
43.05869133,12.55440693,222,1,,,20301,,204852009,,,397,26,,"2025-04-08 15:46:30.799Z",6,9,115,LTE,"Xiaomi Redmi Note 7"
43.05850419,12.55495136,222,1,,,20301,,204852009,,,397,18,,"2025-04-08 15:46:36.775Z",8,8,125,LTE,"Xiaomi Redmi Note 7"
43.05828660,12.55552807,222,1,,,20301,,204852009,,,397,18,,"2025-04-08 15:46:42.782Z",6,8,119,LTE,"Xiaomi Redmi Note 7"
43.05820011,12.55571091,222,1,,,20301,,53431071,,,489,24,,"2025-04-08 15:46:45.039Z",12,9,129,LTE,"Xiaomi Redmi Note 7"
43.05776673,12.55595026,222,1,,,20301,,53431071,,,489,24,,"2025-04-08 15:46:50.816Z",11,9,165,LTE,"Xiaomi Redmi Note 7"
43.05734597,12.55610870,222,1,,,20301,,53431071,,,489,24,,"2025-04-08 15:46:55.778Z",11,10,166,LTE,"Xiaomi Redmi Note 7"
43.05695864,12.55632564,222,1,,,20301,,53431071,,,489,24,,"2025-04-08 15:47:00.932Z",11,10,151,LTE,"Xiaomi Redmi Note 7"
43.05672419,12.55674501,222,1,,,20301,,53431081,,,181,25,5,"2025-04-08 15:47:06.031Z",11,9,128,LTE,"Xiaomi Redmi Note 7"
43.05651594,12.55734197,222,1,,,20301,,53431081,,,181,25,5,"2025-04-08 15:47:11.778Z",11,9,118,LTE,"Xiaomi Redmi Note 7"
43.05607363,12.55764373,222,1,,,20301,,53431081,,,181,28,,"2025-04-08 15:47:17.795Z",11,9,172,LTE,"Xiaomi Redmi Note 7"
43.05564462,12.55771900,222,1,,,20301,,53431081,,,181,28,,"2025-04-08 15:47:22.854Z",12,9,173,LTE,"Xiaomi Redmi Note 7"
43.05523665,12.55778851,222,1,,,20301,,53431081,,,181,28,,"2025-04-08 15:47:27.760Z",12,9,173,LTE,"Xiaomi Redmi Note 7"
43.05480468,12.55784482,222,1,,,20301,,53431081,,,181,28,,"2025-04-08 15:47:32.774Z",11,10,174,LTE,"Xiaomi Redmi Note 7"
43.05454481,12.55788396,222,1,,,20301,,53431071,,,489,25,3,"2025-04-08 15:47:36.167Z",12,10,176,LTE,"Xiaomi Redmi Note 7"
43.05407239,12.55787148,222,1,,,20301,,53431071,,,489,25,3,"2025-04-08 15:47:40.774Z",12,9,187,LTE,"Xiaomi Redmi Note 7"
43.05363577,12.55805433,222,1,,,20301,,53431071,,,489,25,3,"2025-04-08 15:47:48.773Z",11,8,132,LTE,"Xiaomi Redmi Note 7"
43.05332502,12.55845102,222,1,,,20301,,53431071,,,489,25,3,"2025-04-08 15:47:53.832Z",11,9,136,LTE,"Xiaomi Redmi Note 7"
43.05298129,12.55890410,222,1,,,20301,,53431071,,,489,25,2,"2025-04-08 15:47:59.813Z",10,9,135,LTE,"Xiaomi Redmi Note 7"
43.05265954,12.55938300,222,1,,,20301,,53431071,,,489,25,2,"2025-04-08 15:48:05.807Z",11,9,132,LTE,"Xiaomi Redmi Note 7"
43.05227168,12.55904102,222,1,,,20301,,53431071,,,489,25,2,"2025-04-08 15:48:14.792Z",11,9,243,LTE,"Xiaomi Redmi Note 7"
43.05203031,12.55844260,222,1,,,20301,,53431071,,,489,31,,"2025-04-08 15:48:20.773Z",11,10,246,LTE,"Xiaomi Redmi Note 7"
43.05185684,12.55787374,222,1,,,20301,,53431071,,,489,31,,"2025-04-08 15:48:25.795Z",12,10,247,LTE,"Xiaomi Redmi Note 7"
43.05170620,12.55724343,222,1,,,20301,,53431071,,,489,31,,"2025-04-08 15:48:30.781Z",12,11,248,LTE,"Xiaomi Redmi Note 7"
43.05153548,12.55662081,222,1,,,20301,,53431071,,,489,31,,"2025-04-08 15:48:35.791Z",11,11,247,LTE,"Xiaomi Redmi Note 7"
43.05137067,12.55604030,222,1,,,20301,,53431071,,,489,31,,"2025-04-08 15:48:40.764Z",11,11,246,LTE,"Xiaomi Redmi Note 7"
43.05126914,12.55546552,222,1,,,20301,,53431071,,,489,31,,"2025-04-08 15:48:45.793Z",11,9,251,LTE,"Xiaomi Redmi Note 7"
43.05126914,12.55546552,222,1,,,20301,,53431073,,,10,31,2,"2025-04-08 15:48:46.165Z",11,9,251,LTE,"Xiaomi Redmi Note 7"
43.05102777,12.55592092,222,1,,,20301,,53431073,,,10,31,2,"2025-04-08 15:48:54.776Z",11,8,95,LTE,"Xiaomi Redmi Note 7"
43.05082840,12.55650801,222,1,,,20301,,53431073,,,10,31,2,"2025-04-08 15:49:00.776Z",11,9,124,LTE,"Xiaomi Redmi Note 7"
43.05062255,12.55699788,222,1,,,20301,,53431073,,,10,31,2,"2025-04-08 15:49:05.770Z",11,9,119,LTE,"Xiaomi Redmi Note 7"
43.05040068,12.55751062,222,1,,,20301,,53431073,,,10,31,,"2025-04-08 15:49:10.776Z",12,9,119,LTE,"Xiaomi Redmi Note 7"
43.05021629,12.55803922,222,1,,,20301,,53431073,,,10,31,,"2025-04-08 15:49:15.783Z",11,10,118,LTE,"Xiaomi Redmi Note 7"
43.05000398,12.55857725,222,1,,,20301,,53431073,,,10,31,,"2025-04-08 15:49:20.770Z",11,10,116,LTE,"Xiaomi Redmi Note 7"
43.04982372,12.55915869,222,1,,,20301,,53431073,,,10,31,,"2025-04-08 15:49:25.781Z",12,10,114,LTE,"Xiaomi Redmi Note 7"
43.04920575,12.56041457,222,1,,,20301,,53431073,,,10,31,1,"2025-04-08 15:49:37.806Z",10,10,122,LTE,"Xiaomi Redmi Note 7"
43.04904490,12.56095970,222,1,,,20301,,53431073,,,10,31,1,"2025-04-08 15:49:43.753Z",6,9,117,LTE,"Xiaomi Redmi Note 7"
43.04896597,12.56113292,222,1,,,20301,,53431072,,,213,31,1,"2025-04-08 15:49:46.186Z",5,9,118,LTE,"Xiaomi Redmi Note 7"
43.04890394,12.56176859,222,1,,,20301,,53431072,,,213,31,1,"2025-04-08 15:49:50.766Z",6,9,119,LTE,"Xiaomi Redmi Note 7"
43.04864672,12.56233387,222,1,,,20301,,53431072,,,213,31,1,"2025-04-08 15:49:56.774Z",5,9,117,LTE,"Xiaomi Redmi Note 7"
43.04840075,12.56284622,222,1,,,20301,,53431072,,,213,31,1,"2025-04-08 15:50:02.785Z",6,9,122,LTE,"Xiaomi Redmi Note 7"
43.04819217,12.56332878,222,1,,,20301,,53431072,,,213,31,1,"2025-04-08 15:50:07.782Z",5,9,124,LTE,"Xiaomi Redmi Note 7"
43.04782030,12.56379580,222,1,,,20301,,53431072,,,213,31,1,"2025-04-08 15:50:13.756Z",4,9,137,LTE,"Xiaomi Redmi Note 7"
43.04747595,12.56426500,222,1,,,20301,,53431072,,,213,30,3,"2025-04-08 15:50:19.753Z",4,9,135,LTE,"Xiaomi Redmi Note 7"
43.04716355,12.56467021,222,1,,,20301,,53431072,,,213,30,3,"2025-04-08 15:50:24.776Z",4,10,134,LTE,"Xiaomi Redmi Note 7"
43.04685186,12.56504312,222,1,,,20301,,53431072,,,213,30,3,"2025-04-08 15:50:29.765Z",4,9,136,LTE,"Xiaomi Redmi Note 7"
43.04650156,12.56551266,222,1,,,20301,,53431072,,,213,30,3,"2025-04-08 15:50:35.761Z",4,9,138,LTE,"Xiaomi Redmi Note 7"
43.04618763,12.56589666,222,1,,,20301,,53431072,,,213,31,,"2025-04-08 15:50:40.761Z",10,9,146,LTE,"Xiaomi Redmi Note 7"
43.04575467,12.56581402,222,1,,,20301,,53431072,,,213,31,,"2025-04-08 15:50:45.809Z",10,10,199,LTE,"Xiaomi Redmi Note 7"
43.04538951,12.56547849,222,1,,,20301,,53431072,,,213,24,4,"2025-04-08 15:50:50.756Z",11,10,213,LTE,"Xiaomi Redmi Note 7"
43.04501224,12.56513502,222,1,,,20301,,53431072,,,213,24,4,"2025-04-08 15:50:55.751Z",11,10,213,LTE,"Xiaomi Redmi Note 7"
43.04493038,12.56505965,222,1,,,20301,,205091873,,,456,24,6,"2025-04-08 15:50:57.075Z",11,10,212,LTE,"Xiaomi Redmi Note 7"
43.04453541,12.56467382,222,1,,,20301,,205091873,,,456,24,6,"2025-04-08 15:51:01.761Z",10,10,214,LTE,"Xiaomi Redmi Note 7"
43.04416732,12.56432090,222,1,,,20301,,205091873,,,456,24,6,"2025-04-08 15:51:06.975Z",10,11,218,LTE,"Xiaomi Redmi Note 7"
43.04416732,12.56432090,222,1,,,20301,,53431072,,,213,28,,"2025-04-08 15:51:08.170Z",10,11,218,LTE,"Xiaomi Redmi Note 7"
43.04375768,12.56391201,222,1,,,20301,,53431072,,,213,28,,"2025-04-08 15:51:11.764Z",11,11,216,LTE,"Xiaomi Redmi Note 7"
43.04339597,12.56352237,222,1,,,20301,,53431072,,,213,28,,"2025-04-08 15:51:16.869Z",10,10,216,LTE,"Xiaomi Redmi Note 7"
43.04299765,12.56313507,222,1,,,20301,,53431072,,,213,28,5,"2025-04-08 15:51:21.822Z",10,10,217,LTE,"Xiaomi Redmi Note 7"
43.04263251,12.56276525,222,1,,,20301,,53431072,,,213,28,5,"2025-04-08 15:51:26.772Z",10,10,216,LTE,"Xiaomi Redmi Note 7"
43.04227240,12.56237957,222,1,,,20301,,53431072,,,213,23,,"2025-04-08 15:51:31.783Z",10,10,218,LTE,"Xiaomi Redmi Note 7"
43.04190810,12.56199695,222,1,,,20301,,53431072,,,213,23,,"2025-04-08 15:51:36.759Z",10,10,215,LTE,"Xiaomi Redmi Note 7"
43.04170496,12.56176044,222,1,,,20301,,205091873,,,456,27,9,"2025-04-08 15:51:40.531Z",11,10,218,LTE,"Xiaomi Redmi Note 7"
43.04201178,12.56215345,222,1,,,20301,,205091873,,,456,19,11,"2025-04-08 15:51:57.767Z",10,9,39,LTE,"Xiaomi Redmi Note 7"
43.04236094,12.56248380,222,1,,,20301,,205091873,,,456,24,10,"2025-04-08 15:52:02.765Z",10,9,37,LTE,"Xiaomi Redmi Note 7"
43.04273103,12.56286801,222,1,,,20301,,205091873,,,456,24,10,"2025-04-08 15:52:08.764Z",10,8,34,LTE,"Xiaomi Redmi Note 7"
43.04255826,12.56340810,222,1,,,20301,,205091873,,,456,24,10,"2025-04-08 15:52:17.763Z",10,7,134,LTE,"Xiaomi Redmi Note 7"
43.04247210,12.56354435,222,1,,,20301,,53431082,,,132,31,6,"2025-04-08 15:52:20.531Z",10,7,135,LTE,"Xiaomi Redmi Note 7"
43.04215108,12.56399379,222,1,,,20301,,53431082,,,132,31,6,"2025-04-08 15:52:26.773Z",10,8,136,LTE,"Xiaomi Redmi Note 7"
43.04181484,12.56444689,222,1,,,20301,,53431082,,,132,31,,"2025-04-08 15:52:32.762Z",10,8,134,LTE,"Xiaomi Redmi Note 7"
43.04150951,12.56486426,222,1,,,20301,,53431082,,,132,31,,"2025-04-08 15:52:38.796Z",10,8,134,LTE,"Xiaomi Redmi Note 7"
43.04122166,12.56528475,222,1,,,20301,,53431082,,,132,31,7,"2025-04-08 15:52:44.764Z",10,8,133,LTE,"Xiaomi Redmi Note 7"
43.04097283,12.56563100,222,1,,,20301,,205091883,,,59,31,9,"2025-04-08 15:52:50.552Z",10,8,138,LTE,"Xiaomi Redmi Note 7"
43.04127276,12.56519707,222,1,,,20301,,205091883,,,59,31,9,"2025-04-08 15:53:07.788Z",10,8,315,LTE,"Xiaomi Redmi Note 7"
43.04137613,12.56501442,222,1,,,20301,,205091873,,,456,30,,"2025-04-08 15:53:10.503Z",10,9,311,LTE,"Xiaomi Redmi Note 7"
43.04170962,12.56456184,222,1,,,20301,,205091873,,,456,30,,"2025-04-08 15:53:15.762Z",10,8,315,LTE,"Xiaomi Redmi Note 7"
43.04204224,12.56409128,222,1,,,20301,,205091873,,,456,30,,"2025-04-08 15:53:21.759Z",10,9,312,LTE,"Xiaomi Redmi Note 7"
43.04237361,12.56360836,222,1,,,20301,,205091873,,,456,30,9,"2025-04-08 15:53:27.947Z",10,9,316,LTE,"Xiaomi Redmi Note 7"
43.04266701,12.56319886,222,1,,,20301,,205091873,,,456,27,,"2025-04-08 15:53:33.781Z",10,7,313,LTE,"Xiaomi Redmi Note 7"
43.04296498,12.56309131,222,1,,,20301,,53431072,,,213,25,6,"2025-04-08 15:53:42.954Z",10,6,37,LTE,"Xiaomi Redmi Note 7"
43.04330916,12.56346554,222,1,,,20301,,53431072,,,213,25,6,"2025-04-08 15:53:48.757Z",10,9,38,LTE,"Xiaomi Redmi Note 7"
43.04367211,12.56382867,222,1,,,20301,,53431072,,,213,25,6,"2025-04-08 15:53:54.754Z",10,9,35,LTE,"Xiaomi Redmi Note 7"
43.04403229,12.56422927,222,1,,,20301,,53431072,,,213,25,6,"2025-04-08 15:54:00.833Z",10,8,39,LTE,"Xiaomi Redmi Note 7"
43.04415222,12.56434735,222,1,,,20301,,205091873,,,456,25,,"2025-04-08 15:54:02.988Z",10,8,35,LTE,"Xiaomi Redmi Note 7"
43.04452220,12.56470340,222,1,,,20301,,205091873,,,456,25,,"2025-04-08 15:54:08.769Z",10,8,34,LTE,"Xiaomi Redmi Note 7"
43.04477620,12.56493452,222,1,,,20301,,53431082,,,132,23,,"2025-04-08 15:54:12.951Z",10,8,35,LTE,"Xiaomi Redmi Note 7"
43.04516197,12.56526716,222,1,,,20301,,53431082,,,132,23,,"2025-04-08 15:54:18.772Z",10,8,33,LTE,"Xiaomi Redmi Note 7"
43.04543558,12.56547268,222,1,,,20301,,205091873,,,456,22,7,"2025-04-08 15:54:22.978Z",10,8,32,LTE,"Xiaomi Redmi Note 7"
43.04585195,12.56579221,222,1,,,20301,,205091873,,,456,22,7,"2025-04-08 15:54:28.753Z",10,8,28,LTE,"Xiaomi Redmi Note 7"
43.04622939,12.56609094,222,1,,,20301,,205091873,,,456,22,7,"2025-04-08 15:54:34.769Z",10,8,32,LTE,"Xiaomi Redmi Note 7"
43.04659329,12.56641837,222,1,,,20301,,205091873,,,456,22,7,"2025-04-08 15:54:40.753Z",10,9,28,LTE,"Xiaomi Redmi Note 7"
43.04670640,12.56652567,222,1,,,20301,,53431072,,,213,25,4,"2025-04-08 15:54:42.929Z",10,8,33,LTE,"Xiaomi Redmi Note 7"
43.04707313,12.56680422,222,1,,,20301,,53431072,,,213,25,4,"2025-04-08 15:54:48.760Z",10,7,33,LTE,"Xiaomi Redmi Note 7"
43.04738813,12.56716211,222,1,,,20301,,53431072,,,213,29,4,"2025-04-08 15:54:54.756Z",10,8,36,LTE,"Xiaomi Redmi Note 7"
43.04772108,12.56748812,222,1,,,20301,,53431072,,,213,29,4,"2025-04-08 15:55:00.771Z",10,8,35,LTE,"Xiaomi Redmi Note 7"
43.04811114,12.56785473,222,1,,,20301,,53431072,,,213,29,4,"2025-04-08 15:55:07.774Z",10,8,32,LTE,"Xiaomi Redmi Note 7"
43.04840120,12.56810108,222,1,,,20301,,205091873,,,456,29,4,"2025-04-08 15:55:12.920Z",10,7,32,LTE,"Xiaomi Redmi Note 7"
43.04815475,12.56863655,222,1,,,20301,,205091873,,,456,29,4,"2025-04-08 15:55:22.786Z",10,8,142,LTE,"Xiaomi Redmi Note 7"
43.04787155,12.56907220,222,1,,,20301,,205091873,,,456,29,4,"2025-04-08 15:55:28.773Z",10,8,130,LTE,"Xiaomi Redmi Note 7"
43.04767990,12.56957309,222,1,,,20301,,205091873,,,456,31,,"2025-04-08 15:55:33.809Z",10,8,123,LTE,"Xiaomi Redmi Note 7"
43.04737257,12.56999638,222,1,,,20301,,205091873,,,456,31,,"2025-04-08 15:55:39.806Z",11,8,144,LTE,"Xiaomi Redmi Note 7"
43.04697672,12.57040682,222,1,,,20301,,205091873,,,456,31,,"2025-04-08 15:55:45.800Z",10,9,141,LTE,"Xiaomi Redmi Note 7"
43.04663063,12.57083128,222,1,,,20301,,205091873,,,456,31,,"2025-04-08 15:55:51.783Z",10,8,141,LTE,"Xiaomi Redmi Note 7"
43.04627294,12.57114427,222,1,,,20301,,205091873,,,456,31,,"2025-04-08 15:55:56.761Z",10,9,152,LTE,"Xiaomi Redmi Note 7"
43.04587031,12.57135328,222,1,,,20301,,205091873,,,456,31,,"2025-04-08 15:56:01.752Z",10,10,160,LTE,"Xiaomi Redmi Note 7"
43.04546452,12.57154330,222,1,,,20301,,205091873,,,456,31,4,"2025-04-08 15:56:06.771Z",10,10,160,LTE,"Xiaomi Redmi Note 7"
43.04506239,12.57173130,222,1,,,20301,,205091873,,,456,31,4,"2025-04-08 15:56:11.766Z",10,9,162,LTE,"Xiaomi Redmi Note 7"
43.04465168,12.57191632,222,1,,,20301,,205091873,,,456,28,,"2025-04-08 15:56:16.784Z",10,9,159,LTE,"Xiaomi Redmi Note 7"
43.04416887,12.57209121,222,1,,,20301,,205091873,,,456,28,,"2025-04-08 15:56:22.780Z",11,10,164,LTE,"Xiaomi Redmi Note 7"
43.04373202,12.57234835,222,1,,,20301,,205091873,,,456,28,,"2025-04-08 15:56:27.768Z",11,10,160,LTE,"Xiaomi Redmi Note 7"
43.04331107,12.57251456,222,1,,,20301,,205091873,,,456,28,,"2025-04-08 15:56:32.767Z",10,9,163,LTE,"Xiaomi Redmi Note 7"
43.04331107,12.57251456,222,1,,,20301,,53431072,,,213,22,8,"2025-04-08 15:56:32.947Z",10,9,163,LTE,"Xiaomi Redmi Note 7"
43.04295842,12.57214739,222,1,,,20301,,53431072,,,213,22,8,"2025-04-08 15:56:39.754Z",11,8,232,LTE,"Xiaomi Redmi Note 7"
43.04266922,12.57173941,222,1,,,20301,,53431072,,,213,22,9,"2025-04-08 15:56:44.759Z",11,10,229,LTE,"Xiaomi Redmi Note 7"
43.04236763,12.57129174,222,1,,,20301,,53431072,,,213,22,9,"2025-04-08 15:56:49.762Z",11,10,228,LTE,"Xiaomi Redmi Note 7"
43.04211488,12.57083569,222,1,,,20301,,53431072,,,213,22,9,"2025-04-08 15:56:54.800Z",11,10,232,LTE,"Xiaomi Redmi Note 7"
43.04186652,12.57038490,222,1,,,20301,,53431072,,,213,22,9,"2025-04-08 15:56:59.773Z",11,10,226,LTE,"Xiaomi Redmi Note 7"
43.04167490,12.57010286,222,1,,,20301,,205091873,,,456,22,7,"2025-04-08 15:57:02.970Z",11,9,231,LTE,"Xiaomi Redmi Note 7"
43.04132642,12.56960378,222,1,,,20301,,205091873,,,456,22,7,"2025-04-08 15:57:07.769Z",11,10,229,LTE,"Xiaomi Redmi Note 7"
43.04104178,12.56918810,222,1,,,20301,,205091873,,,456,22,7,"2025-04-08 15:57:11.761Z",11,10,231,LTE,"Xiaomi Redmi Note 7"
43.04097833,12.56909043,222,1,,,20301,,53431072,,,213,25,8,"2025-04-08 15:57:12.954Z",11,11,230,LTE,"Xiaomi Redmi Note 7"
43.04068224,12.56858551,222,1,,,20301,,53431072,,,213,25,8,"2025-04-08 15:57:17.741Z",11,10,232,LTE,"Xiaomi Redmi Note 7"
43.04043712,12.56820240,222,1,,,20301,,205091873,,,456,25,8,"2025-04-08 15:57:23.014Z",10,11,228,LTE,"Xiaomi Redmi Note 7"
43.04015027,12.56770023,222,1,,,20301,,205091873,,,456,25,8,"2025-04-08 15:57:26.774Z",10,10,231,LTE,"Xiaomi Redmi Note 7"
43.03982148,12.56725747,222,1,,,20301,,205091873,,,456,25,8,"2025-04-08 15:57:31.773Z",10,10,223,LTE,"Xiaomi Redmi Note 7"
43.03949794,12.56689332,222,1,,,20301,,205091873,,,456,30,,"2025-04-08 15:57:35.810Z",10,11,223,LTE,"Xiaomi Redmi Note 7"
43.03915297,12.56646370,222,1,,,20301,,205091873,,,456,30,,"2025-04-08 15:57:40.767Z",10,10,221,LTE,"Xiaomi Redmi Note 7"
43.03884219,12.56609544,222,1,,,20301,,205091873,,,456,30,,"2025-04-08 15:57:44.770Z",11,11,220,LTE,"Xiaomi Redmi Note 7"
43.03846166,12.56566540,222,1,,,20301,,205091873,,,456,30,,"2025-04-08 15:57:49.769Z",10,11,223,LTE,"Xiaomi Redmi Note 7"
43.03825635,12.56539748,222,1,,,20301,,53431072,,,213,24,9,"2025-04-08 15:57:52.931Z",10,11,222,LTE,"Xiaomi Redmi Note 7"
43.03787354,12.56497941,222,1,,,20301,,53431072,,,213,24,9,"2025-04-08 15:57:57.764Z",10,11,222,LTE,"Xiaomi Redmi Note 7"
43.03754779,12.56456062,222,1,,,20301,,53431072,,,213,24,9,"2025-04-08 15:58:02.768Z",10,10,226,LTE,"Xiaomi Redmi Note 7"
43.03754779,12.56456062,222,1,,,20301,,205091873,,,456,25,10,"2025-04-08 15:58:02.991Z",10,10,226,LTE,"Xiaomi Redmi Note 7"
43.03723310,12.56419103,222,1,,,20301,,205091873,,,456,25,10,"2025-04-08 15:58:06.763Z",10,11,221,LTE,"Xiaomi Redmi Note 7"
43.03689757,12.56372960,222,1,,,20301,,205091873,,,456,25,10,"2025-04-08 15:58:11.752Z",10,10,222,LTE,"Xiaomi Redmi Note 7"
43.03651000,12.56332767,222,1,,,20301,,205091873,,,456,25,10,"2025-04-08 15:58:16.808Z",10,11,217,LTE,"Xiaomi Redmi Note 7"
43.03612065,12.56293324,222,1,,,20301,,205091873,,,456,25,10,"2025-04-08 15:58:21.782Z",10,11,218,LTE,"Xiaomi Redmi Note 7"
43.03571702,12.56249661,222,1,,,20301,,205091873,,,456,27,,"2025-04-08 15:58:27.033Z",11,11,218,LTE,"Xiaomi Redmi Note 7"
43.03530712,12.56209240,222,1,,,20301,,205091873,,,456,27,,"2025-04-08 15:58:31.747Z",11,11,219,LTE,"Xiaomi Redmi Note 7"
43.03497051,12.56173497,222,1,,,20301,,205091873,,,456,27,,"2025-04-08 15:58:35.800Z",11,11,218,LTE,"Xiaomi Redmi Note 7"
43.03463299,12.56139145,222,1,,,20301,,205091873,,,456,27,,"2025-04-08 15:58:39.766Z",10,11,220,LTE,"Xiaomi Redmi Note 7"
43.03424991,12.56097637,222,1,,,20301,,205091873,,,456,22,14,"2025-04-08 15:58:44.741Z",11,11,216,LTE,"Xiaomi Redmi Note 7"
43.03385836,12.56055797,222,1,,,20301,,205091873,,,456,22,14,"2025-04-08 15:58:49.764Z",10,10,218,LTE,"Xiaomi Redmi Note 7"
43.03348404,12.56017073,222,1,,,20301,,205091873,,,456,27,,"2025-04-08 15:58:54.762Z",10,9,217,LTE,"Xiaomi Redmi Note 7"
43.03308962,12.56048474,222,1,,,20301,,205091873,,,456,27,,"2025-04-08 15:59:03.770Z",10,7,128,LTE,"Xiaomi Redmi Note 7"
43.03281805,12.56096952,222,1,,,20301,,205091873,,,456,27,,"2025-04-08 15:59:09.797Z",10,9,126,LTE,"Xiaomi Redmi Note 7"
43.03260214,12.56231748,222,1,,,20301,,205253409,,,51,22,40,"2025-04-08 15:59:25.244Z",10,8,127,LTE,"Xiaomi Redmi Note 7"
43.03235412,12.56286826,222,1,,,20301,,205253409,,,51,22,40,"2025-04-08 15:59:30.932Z",10,9,121,LTE,"Xiaomi Redmi Note 7"
43.03218509,12.56322054,222,1,,,20301,,205091873,,,456,26,,"2025-04-08 15:59:35.280Z",10,8,121,LTE,"Xiaomi Redmi Note 7"
43.03189714,12.56363901,222,1,,,20301,,205091873,,,456,26,,"2025-04-08 15:59:39.764Z",10,9,135,LTE,"Xiaomi Redmi Note 7"
43.03158131,12.56400739,222,1,,,20301,,205091873,,,456,26,,"2025-04-08 15:59:44.806Z",10,9,141,LTE,"Xiaomi Redmi Note 7"
43.03158131,12.56400739,222,1,,,20301,,205253409,,,51,21,,"2025-04-08 15:59:45.312Z",10,9,141,LTE,"Xiaomi Redmi Note 7"
43.03129134,12.56449754,222,1,,,20301,,205253409,,,51,21,,"2025-04-08 15:59:50.805Z",10,8,128,LTE,"Xiaomi Redmi Note 7"
43.03102680,12.56503716,222,1,,,20301,,205253409,,,51,21,,"2025-04-08 15:59:56.796Z",10,8,127,LTE,"Xiaomi Redmi Note 7"
43.03064849,12.56522858,222,1,,,20301,,205091873,,,456,23,,"2025-04-08 16:00:05.365Z",10,7,216,LTE,"Xiaomi Redmi Note 7"
43.03026691,12.56483370,222,1,,,20301,,205091873,,,456,23,,"2025-04-08 16:00:10.761Z",10,9,214,LTE,"Xiaomi Redmi Note 7"
43.02992089,12.56453118,222,1,,,20301,,205091873,,,456,23,,"2025-04-08 16:00:15.777Z",10,9,212,LTE,"Xiaomi Redmi Note 7"
43.02946897,12.56469902,222,1,,,20301,,205091873,,,456,23,,"2025-04-08 16:00:23.769Z",10,8,144,LTE,"Xiaomi Redmi Note 7"
43.02904857,12.56504219,222,1,,,20301,,205091873,,,456,21,,"2025-04-08 16:00:29.756Z",10,8,156,LTE,"Xiaomi Redmi Note 7"
43.02863733,12.56493552,222,1,,,20301,,205091873,,,456,21,,"2025-04-08 16:00:36.754Z",10,7,206,LTE,"Xiaomi Redmi Note 7"
43.02819211,12.56479974,222,1,,,20301,,205091873,,,456,21,,"2025-04-08 16:00:43.759Z",10,9,154,LTE,"Xiaomi Redmi Note 7"
43.02812522,12.56487765,222,1,,,20301,,53431082,,,132,22,16,"2025-04-08 16:00:45.294Z",10,9,139,LTE,"Xiaomi Redmi Note 7"
43.02778935,12.56526266,222,1,,,20301,,53431082,,,132,22,16,"2025-04-08 16:00:49.754Z",10,9,142,LTE,"Xiaomi Redmi Note 7"
43.02740469,12.56543611,222,1,,,20301,,205091883,,,59,21,18,"2025-04-08 16:00:55.338Z",10,9,173,LTE,"Xiaomi Redmi Note 7"
43.02699076,12.56530913,222,1,,,20301,,205091883,,,59,21,18,"2025-04-08 16:01:00.740Z",10,7,157,LTE,"Xiaomi Redmi Note 7"
43.02673805,12.56579252,222,1,,,20301,,205091883,,,59,21,18,"2025-04-08 16:01:06.796Z",10,8,126,LTE,"Xiaomi Redmi Note 7"
43.02645536,12.56630576,222,1,,,20301,,205091883,,,59,21,18,"2025-04-08 16:01:12.802Z",10,9,122,LTE,"Xiaomi Redmi Note 7"
43.02671969,12.56677147,222,1,,,20301,,205091883,,,59,23,,"2025-04-08 16:01:20.749Z",10,7,35,LTE,"Xiaomi Redmi Note 7"
43.02695330,12.56701496,222,1,,,20301,,205253409,,,51,19,41,"2025-04-08 16:01:25.323Z",10,8,38,LTE,"Xiaomi Redmi Note 7"
43.02729044,12.56738037,222,1,,,20301,,205253409,,,51,19,41,"2025-04-08 16:01:30.776Z",10,7,62,LTE,"Xiaomi Redmi Note 7"
43.02721995,12.56802723,222,1,,,20301,,205253409,,,51,19,41,"2025-04-08 16:01:37.778Z",10,8,93,LTE,"Xiaomi Redmi Note 7"
43.02736276,12.56860681,222,1,,,20301,,205253409,,,51,19,41,"2025-04-08 16:01:43.743Z",10,9,48,LTE,"Xiaomi Redmi Note 7"
43.02743592,12.56867021,222,1,,,20301,,53431072,,,213,22,,"2025-04-08 16:01:45.272Z",10,9,37,LTE,"Xiaomi Redmi Note 7"
43.02782543,12.56902362,222,1,,,20301,,53431072,,,213,22,,"2025-04-08 16:01:50.756Z",10,8,43,LTE,"Xiaomi Redmi Note 7"
43.02770808,12.56962592,222,1,,,20301,,53431072,,,213,22,,"2025-04-08 16:01:57.763Z",10,8,87,LTE,"Xiaomi Redmi Note 7"
43.02807092,12.57002176,222,1,,,20301,,53431072,,,213,22,,"2025-04-08 16:02:03.762Z",10,9,36,LTE,"Xiaomi Redmi Note 7"
43.02813573,12.57006294,222,1,,,20301,,205163807,,,25,23,24,"2025-04-08 16:02:05.333Z",10,9,29,LTE,"Xiaomi Redmi Note 7"
43.02852730,12.57032380,222,1,,,20301,,205163807,,,25,23,24,"2025-04-08 16:02:10.754Z",10,8,30,LTE,"Xiaomi Redmi Note 7"
43.02888677,12.57065054,222,1,,,20301,,205163807,,,25,19,24,"2025-04-08 16:02:16.789Z",10,8,47,LTE,"Xiaomi Redmi Note 7"
43.02917761,12.57108257,222,1,,,20301,,205163807,,,25,19,24,"2025-04-08 16:02:22.907Z",10,8,41,LTE,"Xiaomi Redmi Note 7"
43.02942278,12.57129788,222,1,,,20301,,205253409,,,51,20,,"2025-04-08 16:02:27.164Z",10,8,31,LTE,"Xiaomi Redmi Note 7"
43.02979523,12.57155057,222,1,,,20301,,205253409,,,51,20,,"2025-04-08 16:02:32.770Z",10,8,33,LTE,"Xiaomi Redmi Note 7"
43.03016628,12.57192036,222,1,,,20301,,205253409,,,51,21,,"2025-04-08 16:02:39.764Z",10,7,35,LTE,"Xiaomi Redmi Note 7"
43.03041523,12.57241401,222,1,,,20301,,205253409,,,51,21,,"2025-04-08 16:02:46.758Z",10,7,92,LTE,"Xiaomi Redmi Note 7"
43.03036365,12.57298223,222,1,,,20301,,205253409,,,51,22,44,"2025-04-08 16:02:52.758Z",10,8,92,LTE,"Xiaomi Redmi Note 7"
43.03034331,12.57337187,222,1,,,20301,,53431102,,,475,22,,"2025-04-08 16:02:57.251Z",11,7,99,LTE,"Xiaomi Redmi Note 7"
43.03061285,12.57384263,222,1,,,20301,,53431102,,,475,22,,"2025-04-08 16:03:03.759Z",10,8,36,LTE,"Xiaomi Redmi Note 7"
43.03099070,12.57408551,222,1,,,20301,,53431102,,,475,22,,"2025-04-08 16:03:09.758Z",10,8,17,LTE,"Xiaomi Redmi Note 7"
43.03143271,12.57415628,222,1,,,20301,,53431102,,,475,22,,"2025-04-08 16:03:15.771Z",10,8,16,LTE,"Xiaomi Redmi Note 7"
43.03150552,12.57417911,222,1,,,20301,,205163807,,,25,19,,"2025-04-08 16:03:17.182Z",10,7,19,LTE,"Xiaomi Redmi Note 7"
43.03185440,12.57447940,222,1,,,20301,,205163807,,,25,19,,"2025-04-08 16:03:22.743Z",10,8,35,LTE,"Xiaomi Redmi Note 7"
43.03205481,12.57470610,222,1,,,20301,,53431072,,,213,23,16,"2025-04-08 16:03:27.255Z",10,7,38,LTE,"Xiaomi Redmi Note 7"
43.03237524,12.57506678,222,1,,,20301,,53431072,,,213,23,16,"2025-04-08 16:03:32.753Z",10,7,37,LTE,"Xiaomi Redmi Note 7"
43.03273749,12.57544693,222,1,,,20301,,53431072,,,213,23,16,"2025-04-08 16:03:39.753Z",10,7,35,LTE,"Xiaomi Redmi Note 7"
43.03307944,12.57576596,222,1,,,20301,,53431072,,,213,23,16,"2025-04-08 16:03:45.759Z",10,7,38,LTE,"Xiaomi Redmi Note 7"
43.03312036,12.57582336,222,1,,,20301,,205163807,,,25,21,26,"2025-04-08 16:03:47.226Z",10,7,38,LTE,"Xiaomi Redmi Note 7"
43.03331883,12.57631448,222,1,,,20301,,205163807,,,25,21,26,"2025-04-08 16:03:54.778Z",10,6,109,LTE,"Xiaomi Redmi Note 7"
43.03323779,12.57643287,222,1,,,20301,,205253419,,,50,21,,"2025-04-08 16:03:57.248Z",10,6,132,LTE,"Xiaomi Redmi Note 7"
43.03291136,12.57689578,222,1,,,20301,,205253419,,,50,21,,"2025-04-08 16:04:03.753Z",11,8,128,LTE,"Xiaomi Redmi Note 7"
43.03269688,12.57718900,222,1,,,20301,,205163817,,,380,19,26,"2025-04-08 16:04:08.037Z",11,8,135,LTE,"Xiaomi Redmi Note 7"
43.03242634,12.57763949,222,1,,,20301,,205163817,,,380,19,26,"2025-04-08 16:04:12.752Z",11,9,125,LTE,"Xiaomi Redmi Note 7"
43.03215265,12.57819528,222,1,,,20301,,205163817,,,380,19,26,"2025-04-08 16:04:18.761Z",10,9,131,LTE,"Xiaomi Redmi Note 7"
43.03215265,12.57819528,222,1,,,20101,,204994069,,,142,16,120,"2025-04-08 16:04:18.800Z",10,9,131,LTE,"Xiaomi Redmi Note 7"
43.03187786,12.57873258,222,1,,,20101,,204994069,,,142,16,120,"2025-04-08 16:04:24.819Z",10,8,124,LTE,"Xiaomi Redmi Note 7"
43.03168900,12.57923191,222,1,,,20101,,204994069,,,142,16,120,"2025-04-08 16:04:29.825Z",10,9,119,LTE,"Xiaomi Redmi Note 7"
43.03168900,12.57923191,222,1,,,20301,,205091883,,,59,19,14,"2025-04-08 16:04:30.024Z",10,9,119,LTE,"Xiaomi Redmi Note 7"
43.03154595,12.57987005,222,1,,,20301,,205091883,,,59,19,14,"2025-04-08 16:04:34.755Z",10,10,118,LTE,"Xiaomi Redmi Note 7"
43.03137324,12.58037730,222,1,,,20301,,205091883,,,59,19,14,"2025-04-08 16:04:39.771Z",10,9,114,LTE,"Xiaomi Redmi Note 7"
43.03134678,12.58047287,222,1,,,20101,,204994069,,,142,16,,"2025-04-08 16:04:40.974Z",10,9,111,LTE,"Xiaomi Redmi Note 7"
43.03112854,12.58104222,222,1,,,20101,,204994069,,,142,16,,"2025-04-08 16:04:46.759Z",10,9,120,LTE,"Xiaomi Redmi Note 7"
43.03097680,12.58138375,222,1,,,20301,,53431082,,,132,19,18,"2025-04-08 16:04:50.777Z",10,9,123,LTE,"Xiaomi Redmi Note 7"
43.03077161,12.58191413,222,1,,,20301,,53431082,,,132,19,18,"2025-04-08 16:04:56.797Z",10,7,119,LTE,"Xiaomi Redmi Note 7"
43.03062181,12.58228104,222,1,,,20101,,204947222,,,116,16,,"2025-04-08 16:05:02.253Z",11,6,125,LTE,"Xiaomi Redmi Note 7"
43.03100042,12.58258842,222,1,,,20101,,204947222,,,116,16,,"2025-04-08 16:05:12.768Z",11,7,12,LTE,"Xiaomi Redmi Note 7"
43.03140025,12.58282765,222,1,,,20101,,204947222,,,116,16,,"2025-04-08 16:05:19.758Z",11,8,75,LTE,"Xiaomi Redmi Note 7"
43.03135600,12.58301564,222,1,,,20301,,205163807,,,25,12,25,"2025-04-08 16:05:22.054Z",11,8,109,LTE,"Xiaomi Redmi Note 7"
43.03117089,12.58360248,222,1,,,20301,,205163807,,,25,12,25,"2025-04-08 16:05:27.749Z",11,9,119,LTE,"Xiaomi Redmi Note 7"
43.03099815,12.58391782,222,1,,,20301,,53431082,,,132,14,19,"2025-04-08 16:05:32.075Z",11,8,136,LTE,"Xiaomi Redmi Note 7"
43.03066800,12.58439492,222,1,,,20301,,53431082,,,132,14,19,"2025-04-08 16:05:37.767Z",11,8,129,LTE,"Xiaomi Redmi Note 7"
43.03044885,12.58467864,222,1,,,20301,,205327915,,,451,16,26,"2025-04-08 16:05:42.084Z",11,9,134,LTE,"Xiaomi Redmi Note 7"
43.03017817,12.58511601,222,1,,,20301,,205327915,,,451,16,26,"2025-04-08 16:05:46.757Z",11,9,125,LTE,"Xiaomi Redmi Note 7"
43.03000214,12.58563601,222,1,,,20301,,205327915,,,451,16,26,"2025-04-08 16:05:51.787Z",10,9,119,LTE,"Xiaomi Redmi Note 7"
43.02976701,12.58611870,222,1,,,20301,,205327915,,,451,16,26,"2025-04-08 16:05:56.753Z",10,9,122,LTE,"Xiaomi Redmi Note 7"
43.02959078,12.58658439,222,1,,,20301,,205163817,,,380,22,,"2025-04-08 16:06:02.104Z",10,9,118,LTE,"Xiaomi Redmi Note 7"
43.02941283,12.58718199,222,1,,,20301,,205163817,,,380,22,,"2025-04-08 16:06:07.753Z",10,9,103,LTE,"Xiaomi Redmi Note 7"
43.02931497,12.58775854,222,1,,,20301,,205163817,,,380,22,,"2025-04-08 16:06:12.764Z",10,9,130,LTE,"Xiaomi Redmi Note 7"
43.02895646,12.58814052,222,1,,,20301,,205163817,,,380,22,,"2025-04-08 16:06:17.748Z",10,10,139,LTE,"Xiaomi Redmi Note 7"
43.02870088,12.58847798,222,1,,,20301,,205253419,,,50,21,52,"2025-04-08 16:06:22.045Z",10,10,137,LTE,"Xiaomi Redmi Note 7"
43.02836184,12.58896654,222,1,,,20301,,205253419,,,50,21,52,"2025-04-08 16:06:27.761Z",10,9,133,LTE,"Xiaomi Redmi Note 7"
43.02811013,12.58929226,222,1,,,20301,,205163817,,,380,20,23,"2025-04-08 16:06:32.087Z",10,10,135,LTE,"Xiaomi Redmi Note 7"
43.02778777,12.58969885,222,1,,,20301,,205163817,,,380,20,23,"2025-04-08 16:06:36.750Z",10,10,135,LTE,"Xiaomi Redmi Note 7"
43.02751860,12.59017765,222,1,,,20301,,205163817,,,380,20,23,"2025-04-08 16:06:41.752Z",10,10,129,LTE,"Xiaomi Redmi Note 7"
43.02722286,12.59063316,222,1,,,20301,,205163817,,,380,25,23,"2025-04-08 16:06:46.748Z",10,10,131,LTE,"Xiaomi Redmi Note 7"
43.02694097,12.59107153,222,1,,,20301,,205163817,,,380,25,23,"2025-04-08 16:06:51.756Z",10,9,139,LTE,"Xiaomi Redmi Note 7"
43.02665351,12.59148615,222,1,,,20301,,205163817,,,380,25,23,"2025-04-08 16:06:56.753Z",10,10,134,LTE,"Xiaomi Redmi Note 7"
43.02634966,12.59191067,222,1,,,20301,,205163817,,,380,25,23,"2025-04-08 16:07:01.744Z",10,10,135,LTE,"Xiaomi Redmi Note 7"
43.02634966,12.59191067,222,1,,,20301,,205163807,,,25,20,22,"2025-04-08 16:07:02.096Z",10,10,135,LTE,"Xiaomi Redmi Note 7"
43.02604864,12.59233788,222,1,,,20301,,205163807,,,25,20,22,"2025-04-08 16:07:06.761Z",10,10,132,LTE,"Xiaomi Redmi Note 7"
43.02576858,12.59275467,222,1,,,20301,,205163807,,,25,20,22,"2025-04-08 16:07:11.746Z",10,8,134,LTE,"Xiaomi Redmi Note 7"
43.02572756,12.59332691,222,1,,,20301,,205163807,,,25,20,22,"2025-04-08 16:07:20.760Z",10,7,125,LTE,"Xiaomi Redmi Note 7"
43.02569154,12.59341579,222,1,,,20301,,205137215,,,139,23,,"2025-04-08 16:07:22.069Z",10,8,131,LTE,"Xiaomi Redmi Note 7"
43.02535474,12.59389685,222,1,,,20301,,205137215,,,139,23,,"2025-04-08 16:07:27.762Z",10,9,137,LTE,"Xiaomi Redmi Note 7"
43.02513658,12.59422495,222,1,,,20301,,205091872,,,54,22,22,"2025-04-08 16:07:32.115Z",10,9,134,LTE,"Xiaomi Redmi Note 7"
43.02479368,12.59466847,222,1,,,20301,,205091872,,,54,22,22,"2025-04-08 16:07:37.760Z",10,9,139,LTE,"Xiaomi Redmi Note 7"
43.02440530,12.59506880,222,1,,,20301,,205091872,,,54,22,22,"2025-04-08 16:07:43.758Z",10,8,140,LTE,"Xiaomi Redmi Note 7"
43.02423593,12.59575317,222,1,,,20301,,205091872,,,54,22,22,"2025-04-08 16:07:50.798Z",11,8,100,LTE,"Xiaomi Redmi Note 7"
43.02421580,12.59585367,222,1,,,20301,,205340959,,,334,19,,"2025-04-08 16:07:52.108Z",11,8,103,LTE,"Xiaomi Redmi Note 7"
43.02410308,12.59649341,222,1,,,20301,,205340959,,,334,19,,"2025-04-08 16:07:57.768Z",12,8,97,LTE,"Xiaomi Redmi Note 7"
43.02431326,12.59682264,222,1,,,20301,,205091872,,,54,22,,"2025-04-08 16:08:02.148Z",11,8,46,LTE,"Xiaomi Redmi Note 7"
43.02461908,12.59729241,222,1,,,20301,,205091872,,,54,22,,"2025-04-08 16:08:07.798Z",10,9,54,LTE,"Xiaomi Redmi Note 7"
43.02487074,12.59779745,222,1,,,20301,,205091872,,,54,22,,"2025-04-08 16:08:13.761Z",10,8,58,LTE,"Xiaomi Redmi Note 7"
43.02509862,12.59832199,222,1,,,20301,,205091872,,,54,22,,"2025-04-08 16:08:19.761Z",10,8,58,LTE,"Xiaomi Redmi Note 7"
43.02517019,12.59848604,222,1,,,20301,,205163807,,,25,21,,"2025-04-08 16:08:22.033Z",10,8,60,LTE,"Xiaomi Redmi Note 7"
43.02535564,12.59899538,222,1,,,20301,,205163807,,,25,21,,"2025-04-08 16:08:27.754Z",10,8,64,LTE,"Xiaomi Redmi Note 7"
43.02549379,12.59933720,222,1,,,20301,,205253409,,,51,19,57,"2025-04-08 16:08:32.123Z",10,8,60,LTE,"Xiaomi Redmi Note 7"
43.02579478,12.59981024,222,1,,,20301,,205253409,,,51,19,57,"2025-04-08 16:08:37.761Z",10,8,46,LTE,"Xiaomi Redmi Note 7"
43.02607064,12.60030983,222,1,,,20301,,205253409,,,51,19,57,"2025-04-08 16:08:43.770Z",10,8,54,LTE,"Xiaomi Redmi Note 7"
43.02638684,12.60074323,222,1,,,20301,,205253409,,,51,19,57,"2025-04-08 16:08:49.807Z",10,8,43,LTE,"Xiaomi Redmi Note 7"
43.02656450,12.60094541,222,1,,,20301,,205163807,,,25,23,23,"2025-04-08 16:08:53.622Z",10,8,39,LTE,"Xiaomi Redmi Note 7"
43.02691577,12.60129868,222,1,,,20301,,205163807,,,25,23,23,"2025-04-08 16:08:58.758Z",10,8,36,LTE,"Xiaomi Redmi Note 7"
43.02722402,12.60170942,222,1,,,20301,,205163807,,,25,24,24,"2025-04-08 16:09:04.745Z",10,8,48,LTE,"Xiaomi Redmi Note 7"
43.02751088,12.60219922,222,1,,,20301,,205163807,,,25,24,24,"2025-04-08 16:09:10.765Z",10,8,54,LTE,"Xiaomi Redmi Note 7"
43.02772620,12.60272396,222,1,,,20301,,205163807,,,25,23,25,"2025-04-08 16:09:16.756Z",10,8,63,LTE,"Xiaomi Redmi Note 7"
43.02796435,12.60325214,222,1,,,20301,,205163807,,,25,23,25,"2025-04-08 16:09:22.761Z",10,8,55,LTE,"Xiaomi Redmi Note 7"
43.02825925,12.60368010,222,1,,,20301,,205163807,,,25,24,,"2025-04-08 16:09:28.743Z",10,9,42,LTE,"Xiaomi Redmi Note 7"
43.02847700,12.60423114,222,1,,,20301,,205163807,,,25,24,,"2025-04-08 16:09:35.771Z",10,8,97,LTE,"Xiaomi Redmi Note 7"
43.02817914,12.60463093,222,1,,,20301,,205163807,,,25,24,,"2025-04-08 16:09:41.770Z",11,8,145,LTE,"Xiaomi Redmi Note 7"
43.02775316,12.60493171,222,1,,,20301,,205163807,,,25,21,,"2025-04-08 16:09:47.739Z",11,9,156,LTE,"Xiaomi Redmi Note 7"
43.02736616,12.60514112,222,1,,,20301,,205163807,,,25,21,,"2025-04-08 16:09:52.743Z",10,9,157,LTE,"Xiaomi Redmi Note 7"
43.02696303,12.60538403,222,1,,,20301,,205163807,,,25,19,25,"2025-04-08 16:09:57.741Z",10,9,153,LTE,"Xiaomi Redmi Note 7"
43.02663244,12.60574615,222,1,,,20301,,205163807,,,25,19,25,"2025-04-08 16:10:02.741Z",10,8,135,LTE,"Xiaomi Redmi Note 7"
43.02642656,12.60628013,222,1,,,20301,,205163807,,,25,19,25,"2025-04-08 16:10:09.766Z",11,4,103,LTE,"Xiaomi Redmi Note 7"
43.02650890,12.60645199,222,1,,,20301,,205327915,,,451,23,16,"2025-04-08 16:10:13.820Z",11,5,36,LTE,"Xiaomi Redmi Note 7"
43.02692733,12.60667879,222,1,,,20301,,205327915,,,451,23,16,"2025-04-08 16:10:20.741Z",10,7,23,LTE,"Xiaomi Redmi Note 7"
43.02731805,12.60692324,222,1,,,20301,,205327915,,,451,23,16,"2025-04-08 16:10:26.756Z",10,8,21,LTE,"Xiaomi Redmi Note 7"
43.02773752,12.60713498,222,1,,,20301,,205327915,,,451,23,16,"2025-04-08 16:10:32.742Z",10,8,25,LTE,"Xiaomi Redmi Note 7"
43.02779464,12.60718702,222,1,,,20303,,205211425,,,64,23,28,"2025-04-08 16:10:33.788Z",11,8,24,LTE,"Xiaomi Redmi Note 7"
43.02819875,12.60741293,222,1,,,20303,,205211425,,,64,23,28,"2025-04-08 16:10:39.776Z",10,8,25,LTE,"Xiaomi Redmi Note 7"
43.02857179,12.60767222,222,1,,,20303,,205211425,,,64,19,,"2025-04-08 16:10:45.757Z",11,8,26,LTE,"Xiaomi Redmi Note 7"
43.02895831,12.60789960,222,1,,,20303,,205211425,,,64,19,,"2025-04-08 16:10:51.762Z",11,7,28,LTE,"Xiaomi Redmi Note 7"
43.02937246,12.60820600,222,1,,,20303,,205211425,,,64,22,,"2025-04-08 16:10:57.777Z",11,8,31,LTE,"Xiaomi Redmi Note 7"
43.02979795,12.60848465,222,1,,,20303,,205211425,,,64,22,,"2025-04-08 16:11:03.754Z",10,9,28,LTE,"Xiaomi Redmi Note 7"
43.03024024,12.60873923,222,1,,,20303,,205211425,,,64,21,,"2025-04-08 16:11:09.762Z",10,8,26,LTE,"Xiaomi Redmi Note 7"
43.03063523,12.60898044,222,1,,,20303,,205211425,,,64,21,,"2025-04-08 16:11:15.759Z",10,8,26,LTE,"Xiaomi Redmi Note 7"
43.03103514,12.60923616,222,1,,,20303,,205211425,,,64,21,,"2025-04-08 16:11:21.789Z",10,8,24,LTE,"Xiaomi Redmi Note 7"
43.03143876,12.60946157,222,1,,,20303,,205211425,,,64,20,28,"2025-04-08 16:11:27.738Z",10,8,28,LTE,"Xiaomi Redmi Note 7"
43.03183140,12.60971281,222,1,,,20303,,205211425,,,64,20,28,"2025-04-08 16:11:33.750Z",10,8,25,LTE,"Xiaomi Redmi Note 7"
43.03183140,12.60971281,222,1,,,20303,,205211425,,,64,20,28,"2025-04-08 16:11:33.752Z",10,8,25,LTE,"Xiaomi Redmi Note 7"
43.03225985,12.60995643,222,1,,,20303,,205211425,,,64,20,28,"2025-04-08 16:11:39.754Z",10,8,23,LTE,"Xiaomi Redmi Note 7"
43.03266023,12.61022358,222,1,,,20303,,205211425,,,64,23,29,"2025-04-08 16:11:45.767Z",10,8,24,LTE,"Xiaomi Redmi Note 7"
43.03306447,12.61047366,222,1,,,20303,,205211425,,,64,23,29,"2025-04-08 16:11:51.750Z",10,9,26,LTE,"Xiaomi Redmi Note 7"
43.03396039,12.61102580,222,1,,,20301,,205327915,,,451,22,,"2025-04-08 16:12:06.141Z",10,8,24,LTE,"Xiaomi Redmi Note 7"
43.03436803,12.61122057,222,1,,,20301,,205327915,,,451,22,,"2025-04-08 16:12:10.753Z",10,8,15,LTE,"Xiaomi Redmi Note 7"
43.03476974,12.61142593,222,1,,,20301,,205327915,,,451,21,11,"2025-04-08 16:12:16.756Z",10,8,27,LTE,"Xiaomi Redmi Note 7"
43.03522196,12.61134889,222,1,,,20301,,205327915,,,451,21,11,"2025-04-08 16:12:23.758Z",10,8,324,LTE,"Xiaomi Redmi Note 7"
43.03560054,12.61093675,222,1,,,20301,,205327915,,,451,21,10,"2025-04-08 16:12:29.843Z",11,8,322,LTE,"Xiaomi Redmi Note 7"
43.03592521,12.61054867,222,1,,,20301,,205327915,,,451,21,10,"2025-04-08 16:12:35.751Z",11,8,321,LTE,"Xiaomi Redmi Note 7"
43.03592521,12.61054867,222,1,,,20303,,205597993,,,225,21,52,"2025-04-08 16:12:36.638Z",11,8,321,LTE,"Xiaomi Redmi Note 7"
43.03629921,12.61015498,222,1,,,20303,,205597993,,,225,21,52,"2025-04-08 16:12:41.757Z",11,9,323,LTE,"Xiaomi Redmi Note 7"
43.03651081,12.60990585,222,1,,,20303,,205308201,,,349,21,,"2025-04-08 16:12:47.101Z",11,8,318,LTE,"Xiaomi Redmi Note 7"
43.03686357,12.60950945,222,1,,,20303,,205308201,,,349,21,,"2025-04-08 16:12:51.965Z",11,8,320,LTE,"Xiaomi Redmi Note 7"
43.03717001,12.60915773,222,1,,,20303,,205597993,,,225,20,53,"2025-04-08 16:12:57.225Z",11,8,324,LTE,"Xiaomi Redmi Note 7"
43.03752927,12.60879764,222,1,,,20303,,205597993,,,225,20,53,"2025-04-08 16:13:02.809Z",11,8,323,LTE,"Xiaomi Redmi Note 7"
43.03780301,12.60849591,222,1,,,20301,,205163807,,,25,19,32,"2025-04-08 16:13:08.744Z",11,8,319,LTE,"Xiaomi Redmi Note 7"
43.03815961,12.60807809,222,1,,,20301,,205163807,,,25,19,32,"2025-04-08 16:13:13.760Z",11,9,322,LTE,"Xiaomi Redmi Note 7"
43.03850806,12.60765914,222,1,,,20301,,205163807,,,25,19,32,"2025-04-08 16:13:19.754Z",11,8,320,LTE,"Xiaomi Redmi Note 7"
43.03856446,12.60760100,222,1,,,20301,,205327915,,,451,20,12,"2025-04-08 16:13:20.881Z",11,8,323,LTE,"Xiaomi Redmi Note 7"
43.03892651,12.60719938,222,1,,,20301,,205327915,,,451,20,12,"2025-04-08 16:13:27.757Z",10,8,324,LTE,"Xiaomi Redmi Note 7"
43.03909655,12.60703553,222,1,,,20303,,205308191,,,115,21,,"2025-04-08 16:13:30.942Z",11,7,324,LTE,"Xiaomi Redmi Note 7"
43.03943875,12.60667107,222,1,,,20303,,205308191,,,115,21,,"2025-04-08 16:13:36.761Z",11,8,323,LTE,"Xiaomi Redmi Note 7"
43.03980779,12.60628447,222,1,,,20303,,205308191,,,115,19,,"2025-04-08 16:13:43.765Z",11,7,321,LTE,"Xiaomi Redmi Note 7"
43.04012832,12.60580228,222,1,,,20303,,205308191,,,115,22,,"2025-04-08 16:13:52.805Z",11,8,325,LTE,"Xiaomi Redmi Note 7"
43.04045088,12.60545745,222,1,,,20303,,205308191,,,115,22,,"2025-04-08 16:13:58.754Z",11,8,321,LTE,"Xiaomi Redmi Note 7"
43.04079559,12.60508140,222,1,,,20303,,205308191,,,115,22,75,"2025-04-08 16:14:04.757Z",11,8,323,LTE,"Xiaomi Redmi Note 7"
43.04114967,12.60473040,222,1,,,20303,,205308191,,,115,22,75,"2025-04-08 16:14:10.777Z",11,8,320,LTE,"Xiaomi Redmi Note 7"
43.04147703,12.60438349,222,1,,,20303,,205308191,,,115,22,75,"2025-04-08 16:14:16.757Z",11,7,322,LTE,"Xiaomi Redmi Note 7"
43.04169777,12.60411868,222,1,,,20303,,205308201,,,349,21,76,"2025-04-08 16:14:20.995Z",11,8,322,LTE,"Xiaomi Redmi Note 7"
43.04202059,12.60374856,222,1,,,20303,,205308201,,,349,21,76,"2025-04-08 16:14:26.767Z",11,8,325,LTE,"Xiaomi Redmi Note 7"
43.04234677,12.60338020,222,1,,,20303,,205308201,,,349,21,76,"2025-04-08 16:14:32.774Z",11,8,319,LTE,"Xiaomi Redmi Note 7"
43.04270420,12.60300685,222,1,,,20303,,205308201,,,349,21,76,"2025-04-08 16:14:38.784Z",11,8,322,LTE,"Xiaomi Redmi Note 7"
43.04281656,12.60288601,222,1,,,20301,,205163817,,,380,20,35,"2025-04-08 16:14:40.960Z",11,8,323,LTE,"Xiaomi Redmi Note 7"
43.04264427,12.60231181,222,1,,,20301,,205163817,,,380,20,35,"2025-04-08 16:14:49.755Z",11,8,213,LTE,"Xiaomi Redmi Note 7"
43.04257049,12.60223989,222,1,,,20301,,205194537,,,228,23,22,"2025-04-08 16:14:50.998Z",11,8,214,LTE,"Xiaomi Redmi Note 7"
43.04223581,12.60191762,222,1,,,20301,,205194537,,,228,23,22,"2025-04-08 16:14:55.765Z",10,9,217,LTE,"Xiaomi Redmi Note 7"
43.04189874,12.60161466,222,1,,,20301,,205327915,,,451,22,14,"2025-04-08 16:15:01.000Z",10,9,213,LTE,"Xiaomi Redmi Note 7"
43.04148775,12.60129312,222,1,,,20301,,205327915,,,451,22,14,"2025-04-08 16:15:06.751Z",11,9,206,LTE,"Xiaomi Redmi Note 7"
43.04108653,12.60091158,222,1,,,20301,,205327915,,,451,24,14,"2025-04-08 16:15:12.794Z",10,9,229,LTE,"Xiaomi Redmi Note 7"
43.04093056,12.60035199,222,1,,,20301,,205327915,,,451,24,14,"2025-04-08 16:15:18.790Z",10,7,250,LTE,"Xiaomi Redmi Note 7"
43.04105464,12.60012822,222,1,,,20301,,205194537,,,228,23,24,"2025-04-08 16:15:23.163Z",10,7,334,LTE,"Xiaomi Redmi Note 7"
43.04148874,12.59993373,222,1,,,20301,,205194537,,,228,23,24,"2025-04-08 16:15:29.753Z",10,7,336,LTE,"Xiaomi Redmi Note 7"
43.04162514,12.59976364,222,1,,,20301,,205327915,,,451,24,15,"2025-04-08 16:15:33.182Z",11,7,324,LTE,"Xiaomi Redmi Note 7"
43.04195903,12.59939776,222,1,,,20301,,205327915,,,451,24,15,"2025-04-08 16:15:38.752Z",10,8,319,LTE,"Xiaomi Redmi Note 7"
43.04225645,12.59898331,222,1,,,20301,,205327915,,,451,24,15,"2025-04-08 16:15:44.756Z",11,8,311,LTE,"Xiaomi Redmi Note 7"
43.04254164,12.59852083,222,1,,,20301,,205327915,,,451,24,15,"2025-04-08 16:15:50.755Z",10,8,317,LTE,"Xiaomi Redmi Note 7"
43.04287130,12.59818443,222,1,,,20301,,205327915,,,451,23,16,"2025-04-08 16:15:55.769Z",11,8,326,LTE,"Xiaomi Redmi Note 7"
43.04318368,12.59774778,222,1,,,20301,,205327915,,,451,23,16,"2025-04-08 16:16:01.768Z",10,8,309,LTE,"Xiaomi Redmi Note 7"
43.04323325,12.59768448,222,1,,,20301,,205194537,,,228,24,,"2025-04-08 16:16:03.210Z",11,8,312,LTE,"Xiaomi Redmi Note 7"
43.04353489,12.59729908,222,1,,,20301,,205194537,,,228,24,,"2025-04-08 16:16:09.757Z",11,6,342,LTE,"Xiaomi Redmi Note 7"
43.04368063,12.59742774,222,1,,,20301,,205091882,,,306,21,14,"2025-04-08 16:16:13.266Z",11,7,27,LTE,"Xiaomi Redmi Note 7"
43.04402538,12.59775119,222,1,,,20301,,205091882,,,306,21,14,"2025-04-08 16:16:19.796Z",11,7,34,LTE,"Xiaomi Redmi Note 7"
43.04443205,12.59809634,222,1,,,20301,,205091882,,,306,21,14,"2025-04-08 16:16:26.765Z",10,7,41,LTE,"Xiaomi Redmi Note 7"
43.04471427,12.59816449,222,1,,,20301,,205194537,,,228,21,21,"2025-04-08 16:16:33.128Z",10,6,318,LTE,"Xiaomi Redmi Note 7"
43.04509813,12.59781621,222,1,,,20301,,205194537,,,228,21,21,"2025-04-08 16:16:40.766Z",10,7,354,LTE,"Xiaomi Redmi Note 7"
43.04521939,12.59785867,222,1,,,20301,,205327915,,,451,20,,"2025-04-08 16:16:43.232Z",11,7,14,LTE,"Xiaomi Redmi Note 7"
43.04556996,12.59818351,222,1,,,20301,,205327915,,,451,20,,"2025-04-08 16:16:48.758Z",10,9,33,LTE,"Xiaomi Redmi Note 7"
43.04593189,12.59847630,222,1,,,20301,,205327915,,,451,20,,"2025-04-08 16:16:54.754Z",10,7,29,LTE,"Xiaomi Redmi Note 7"
43.04631506,12.59881476,222,1,,,20301,,205327915,,,451,20,,"2025-04-08 16:17:01.753Z",10,7,32,LTE,"Xiaomi Redmi Note 7"
43.04636893,12.59886899,222,1,,,20301,,205091872,,,54,18,14,"2025-04-08 16:17:03.249Z",10,7,43,LTE,"Xiaomi Redmi Note 7"
43.04662498,12.59935186,222,1,,,20301,,205091872,,,54,18,14,"2025-04-08 16:17:09.771Z",10,7,36,LTE,"Xiaomi Redmi Note 7"
43.04708065,12.59944399,222,1,,,20301,,205091872,,,54,18,14,"2025-04-08 16:17:16.760Z",11,7,9,LTE,"Xiaomi Redmi Note 7"
43.04745211,12.59950202,222,1,,,20303,,205211425,,,64,16,,"2025-04-08 16:17:23.226Z",11,7,3,LTE,"Xiaomi Redmi Note 7"
43.04791733,12.59959137,222,1,,,20303,,205211425,,,64,16,,"2025-04-08 16:17:29.760Z",10,7,19,LTE,"Xiaomi Redmi Note 7"
43.04812599,12.59967404,222,1,,,20301,,205091872,,,54,17,14,"2025-04-08 16:17:33.254Z",10,7,22,LTE,"Xiaomi Redmi Note 7"
43.04809506,12.60029994,222,1,,,20301,,205091872,,,54,17,14,"2025-04-08 16:17:40.751Z",10,7,108,LTE,"Xiaomi Redmi Note 7"
43.04795370,12.60083197,222,1,,,20301,,205091872,,,54,17,14,"2025-04-08 16:17:46.759Z",11,8,108,LTE,"Xiaomi Redmi Note 7"
43.04781527,12.60141847,222,1,,,20301,,205091872,,,54,17,14,"2025-04-08 16:17:52.757Z",11,8,111,LTE,"Xiaomi Redmi Note 7"
43.04760329,12.60202047,222,1,,,20301,,205091872,,,54,22,,"2025-04-08 16:17:58.763Z",11,9,115,LTE,"Xiaomi Redmi Note 7"
43.04743634,12.60253063,222,1,,,20301,,205091872,,,54,24,,"2025-04-08 16:18:03.765Z",10,9,117,LTE,"Xiaomi Redmi Note 7"
43.04720943,12.60299538,222,1,,,20301,,205091872,,,54,24,,"2025-04-08 16:18:08.766Z",10,9,124,LTE,"Xiaomi Redmi Note 7"
43.04698965,12.60350678,222,1,,,20301,,205091872,,,54,24,,"2025-04-08 16:18:13.758Z",10,10,119,LTE,"Xiaomi Redmi Note 7"
43.04676834,12.60399438,222,1,,,20301,,205091872,,,54,24,,"2025-04-08 16:18:18.753Z",10,10,123,LTE,"Xiaomi Redmi Note 7"
43.04658116,12.60438802,222,1,,,20301,,205340959,,,334,18,20,"2025-04-08 16:18:23.263Z",10,9,123,LTE,"Xiaomi Redmi Note 7"
43.04635772,12.60487666,222,1,,,20301,,205340959,,,334,18,20,"2025-04-08 16:18:27.756Z",10,9,122,LTE,"Xiaomi Redmi Note 7"
43.04613709,12.60539954,222,1,,,20301,,205340959,,,334,18,20,"2025-04-08 16:18:32.753Z",10,10,121,LTE,"Xiaomi Redmi Note 7"
43.04613709,12.60539954,222,1,,,20301,,205327915,,,451,18,,"2025-04-08 16:18:33.265Z",10,10,121,LTE,"Xiaomi Redmi Note 7"
43.04587386,12.60593353,222,1,,,20301,,205327915,,,451,18,,"2025-04-08 16:18:37.761Z",10,10,122,LTE,"Xiaomi Redmi Note 7"
43.04562148,12.60645697,222,1,,,20301,,205327915,,,451,18,,"2025-04-08 16:18:42.765Z",10,10,122,LTE,"Xiaomi Redmi Note 7"
43.04537201,12.60699087,222,1,,,20301,,205327915,,,451,18,,"2025-04-08 16:18:47.765Z",10,10,122,LTE,"Xiaomi Redmi Note 7"
43.04514033,12.60750397,222,1,,,20301,,205327915,,,451,18,,"2025-04-08 16:18:52.753Z",10,10,122,LTE,"Xiaomi Redmi Note 7"
43.04514033,12.60750397,222,1,,,20301,,205194537,,,228,23,19,"2025-04-08 16:18:53.234Z",10,10,122,LTE,"Xiaomi Redmi Note 7"
43.04488706,12.60801959,222,1,,,20301,,205194537,,,228,23,19,"2025-04-08 16:18:57.754Z",10,10,120,LTE,"Xiaomi Redmi Note 7"
43.04463562,12.60853667,222,1,,,20301,,205194537,,,228,23,19,"2025-04-08 16:19:02.754Z",10,10,121,LTE,"Xiaomi Redmi Note 7"
43.04437446,12.60903431,222,1,,,20301,,205194537,,,228,19,,"2025-04-08 16:19:07.759Z",10,10,124,LTE,"Xiaomi Redmi Note 7"
43.04413397,12.60954838,222,1,,,20301,,205194537,,,228,19,,"2025-04-08 16:19:12.754Z",10,10,123,LTE,"Xiaomi Redmi Note 7"
43.04389709,12.61007934,222,1,,,20301,,205194537,,,228,23,,"2025-04-08 16:19:17.758Z",10,10,124,LTE,"Xiaomi Redmi Note 7"
43.04364453,12.61059476,222,1,,,20301,,205194537,,,228,23,,"2025-04-08 16:19:22.781Z",10,10,125,LTE,"Xiaomi Redmi Note 7"
43.04338491,12.61113028,222,1,,,20301,,205194537,,,228,23,,"2025-04-08 16:19:27.752Z",10,10,125,LTE,"Xiaomi Redmi Note 7"
43.04314522,12.61166453,222,1,,,20301,,205194537,,,228,23,,"2025-04-08 16:19:32.739Z",10,10,124,LTE,"Xiaomi Redmi Note 7"
43.04314522,12.61166453,222,1,,,20301,,205091882,,,306,20,21,"2025-04-08 16:19:33.174Z",10,10,124,LTE,"Xiaomi Redmi Note 7"
43.04287184,12.61217445,222,1,,,20301,,205091882,,,306,20,21,"2025-04-08 16:19:37.753Z",10,11,124,LTE,"Xiaomi Redmi Note 7"
43.04261816,12.61272085,222,1,,,20301,,205091882,,,306,20,21,"2025-04-08 16:19:42.747Z",10,10,125,LTE,"Xiaomi Redmi Note 7"
43.04261816,12.61272085,222,1,,,20301,,205091872,,,54,21,22,"2025-04-08 16:19:43.258Z",10,10,125,LTE,"Xiaomi Redmi Note 7"
43.04235711,12.61321039,222,1,,,20301,,205091872,,,54,21,22,"2025-04-08 16:19:47.752Z",10,10,127,LTE,"Xiaomi Redmi Note 7"
43.04205793,12.61367072,222,1,,,20301,,205091872,,,54,21,22,"2025-04-08 16:19:52.767Z",10,10,140,LTE,"Xiaomi Redmi Note 7"
43.04205793,12.61367072,222,1,,,20301,,205327915,,,451,22,,"2025-04-08 16:19:53.274Z",10,10,140,LTE,"Xiaomi Redmi Note 7"
43.04171420,12.61405568,222,1,,,20301,,205327915,,,451,22,,"2025-04-08 16:19:57.753Z",10,9,137,LTE,"Xiaomi Redmi Note 7"
43.04138289,12.61444141,222,1,,,20301,,205327915,,,451,22,,"2025-04-08 16:20:02.790Z",11,10,139,LTE,"Xiaomi Redmi Note 7"
43.04102731,12.61481426,222,1,,,20301,,205327915,,,451,22,,"2025-04-08 16:20:07.749Z",10,10,139,LTE,"Xiaomi Redmi Note 7"
43.04070338,12.61521723,222,1,,,20301,,205327915,,,451,20,7,"2025-04-08 16:20:13.922Z",10,6,122,LTE,"Xiaomi Redmi Note 7"
43.04098235,12.61564497,222,1,,,20301,,205327915,,,451,20,6,"2025-04-08 16:20:23.749Z",10,5,49,LTE,"Xiaomi Redmi Note 7"
43.04154214,12.61584165,222,1,,,20301,,205327915,,,451,20,6,"2025-04-08 16:20:39.753Z",20,4,10,LTE,"Xiaomi Redmi Note 7"
43.04180152,12.61576814,222,1,,,20301,,205327935,,,494,17,7,"2025-04-08 16:20:43.246Z",14,5,4,LTE,"Xiaomi Redmi Note 7"
43.04228172,12.61615645,222,1,,,20301,,205327935,,,494,17,7,"2025-04-08 16:20:52.759Z",5,7,20,LTE,"Xiaomi Redmi Note 7"
43.04228172,12.61615645,222,1,,,20301,,205327915,,,451,23,,"2025-04-08 16:20:53.273Z",5,7,20,LTE,"Xiaomi Redmi Note 7"
43.04265720,12.61638538,222,1,,,20301,,205327915,,,451,23,,"2025-04-08 16:20:59.755Z",4,7,26,LTE,"Xiaomi Redmi Note 7"
43.04305790,12.61666796,222,1,,,20301,,205327915,,,451,23,,"2025-04-08 16:21:06.764Z",4,7,28,LTE,"Xiaomi Redmi Note 7"
43.04342724,12.61688955,222,1,,,20301,,205327935,,,494,18,7,"2025-04-08 16:21:13.273Z",4,7,27,LTE,"Xiaomi Redmi Note 7"
43.04381025,12.61716753,222,1,,,20301,,205327935,,,494,18,7,"2025-04-08 16:21:19.748Z",4,7,22,LTE,"Xiaomi Redmi Note 7"
43.04409723,12.61746860,222,1,,,20301,,205340959,,,334,16,23,"2025-04-08 16:21:33.258Z",4,0,0,LTE,"Xiaomi Redmi Note 7"
43.04409731,12.61742362,222,1,,,20301,,205194537,,,228,17,21,"2025-04-08 16:21:53.277Z",10,0,0,LTE,"Xiaomi Redmi Note 7"
43.04426772,12.61688903,222,1,,,20301,,205194537,,,228,17,21,"2025-04-08 16:22:03.743Z",11,5,288,LTE,"Xiaomi Redmi Note 7"
43.04440019,12.61625222,222,1,,,20301,,205194537,,,228,17,21,"2025-04-08 16:22:05.762Z",12,9,293,LTE,"Xiaomi Redmi Note 7"
43.04457426,12.61568348,222,1,,,20301,,205194537,,,228,17,21,"2025-04-08 16:22:10.761Z",11,10,289,LTE,"Xiaomi Redmi Note 7"
43.04469249,12.61509972,222,1,,,20301,,205194537,,,228,22,20,"2025-04-08 16:22:15.767Z",11,10,287,LTE,"Xiaomi Redmi Note 7"
43.04488889,12.61451670,222,1,,,20301,,205194537,,,228,22,20,"2025-04-08 16:22:20.747Z",11,11,289,LTE,"Xiaomi Redmi Note 7"
43.04503351,12.61390942,222,1,,,20301,,205194537,,,228,22,20,"2025-04-08 16:22:25.793Z",11,10,288,LTE,"Xiaomi Redmi Note 7"
43.04519165,12.61328867,222,1,,,20301,,205194537,,,228,22,20,"2025-04-08 16:22:30.753Z",11,10,290,LTE,"Xiaomi Redmi Note 7"
43.04524358,12.61304974,222,1,,,20301,,205327935,,,494,23,8,"2025-04-08 16:22:33.288Z",11,10,288,LTE,"Xiaomi Redmi Note 7"
43.04528639,12.61241302,222,1,,,20301,,205327935,,,494,23,8,"2025-04-08 16:22:37.755Z",11,10,267,LTE,"Xiaomi Redmi Note 7"
43.04543961,12.61187853,222,1,,,20301,,205327935,,,494,23,8,"2025-04-08 16:22:42.783Z",11,9,311,LTE,"Xiaomi Redmi Note 7"
43.04565613,12.61132051,222,1,,,20301,,205327935,,,494,22,9,"2025-04-08 16:22:48.782Z",12,9,290,LTE,"Xiaomi Redmi Note 7"
43.04581881,12.61084337,222,1,,,20301,,205194537,,,228,23,,"2025-04-08 16:22:54.893Z",11,8,309,LTE,"Xiaomi Redmi Note 7"
43.04598711,12.61026394,222,1,,,20301,,205194537,,,228,23,,"2025-04-08 16:22:59.760Z",11,8,294,LTE,"Xiaomi Redmi Note 7"
43.04611436,12.60965934,222,1,,,20301,,205194537,,,228,21,19,"2025-04-08 16:23:05.810Z",11,9,287,LTE,"Xiaomi Redmi Note 7"
43.04624961,12.60912848,222,1,,,20301,,205194537,,,228,21,19,"2025-04-08 16:23:11.761Z",11,7,294,LTE,"Xiaomi Redmi Note 7"
43.04643891,12.60857528,222,1,,,20301,,205194537,,,228,22,,"2025-04-08 16:23:18.827Z",11,8,298,LTE,"Xiaomi Redmi Note 7"
43.04654874,12.60793408,222,1,,,20301,,205194537,,,228,22,,"2025-04-08 16:23:24.762Z",10,9,287,LTE,"Xiaomi Redmi Note 7"
43.04664996,12.60729589,222,1,,,20301,,205194537,,,228,22,,"2025-04-08 16:23:30.770Z",11,9,284,LTE,"Xiaomi Redmi Note 7"
43.04677345,12.60671553,222,1,,,20301,,205194537,,,228,22,,"2025-04-08 16:23:36.757Z",11,7,292,LTE,"Xiaomi Redmi Note 7"
43.04699144,12.60603039,222,1,,,20301,,205194537,,,228,21,18,"2025-04-08 16:23:44.757Z",11,8,289,LTE,"Xiaomi Redmi Note 7"
43.04713264,12.60549988,222,1,,,20301,,205194537,,,228,27,18,"2025-04-08 16:23:50.823Z",12,8,297,LTE,"Xiaomi Redmi Note 7"
43.04728614,12.60477036,222,1,,,20301,,205194537,,,228,27,18,"2025-04-08 16:23:57.879Z",11,9,290,LTE,"Xiaomi Redmi Note 7"
43.04745124,12.60424460,222,1,,,20301,,205194537,,,228,23,,"2025-04-08 16:24:02.764Z",11,9,291,LTE,"Xiaomi Redmi Note 7"
43.04757965,12.60367504,222,1,,,20301,,205194537,,,228,23,,"2025-04-08 16:24:07.754Z",10,10,288,LTE,"Xiaomi Redmi Note 7"
43.04777209,12.60311566,222,1,,,20301,,205194537,,,228,22,,"2025-04-08 16:24:12.822Z",11,9,296,LTE,"Xiaomi Redmi Note 7"
43.04796239,12.60261294,222,1,,,20301,,205194537,,,228,22,,"2025-04-08 16:24:17.764Z",10,9,299,LTE,"Xiaomi Redmi Note 7"
43.04813561,12.60209288,222,1,,,20301,,205194537,,,228,22,,"2025-04-08 16:24:22.908Z",10,9,288,LTE,"Xiaomi Redmi Note 7"
43.04828891,12.60155403,222,1,,,20301,,205194537,,,228,26,,"2025-04-08 16:24:30.808Z",11,5,294,LTE,"Xiaomi Redmi Note 7"
43.04845830,12.60104297,222,1,,,20301,,205194537,,,228,21,18,"2025-04-08 16:24:36.872Z",11,8,293,LTE,"Xiaomi Redmi Note 7"
43.04861922,12.60048361,222,1,,,20301,,205194537,,,228,21,18,"2025-04-08 16:24:42.738Z",11,8,289,LTE,"Xiaomi Redmi Note 7"
43.04863166,12.60037520,222,1,,,20301,,205137215,,,139,20,19,"2025-04-08 16:24:44.041Z",11,9,289,LTE,"Xiaomi Redmi Note 7"
43.04880867,12.59979388,222,1,,,20301,,205137215,,,139,20,19,"2025-04-08 16:24:49.759Z",11,9,293,LTE,"Xiaomi Redmi Note 7"
43.04894150,12.59932916,222,1,,,20301,,205194537,,,228,18,18,"2025-04-08 16:24:54.866Z",11,8,289,LTE,"Xiaomi Redmi Note 7"
43.04909720,12.59873138,222,1,,,20301,,205194537,,,228,18,18,"2025-04-08 16:25:00.752Z",11,10,290,LTE,"Xiaomi Redmi Note 7"
43.04920053,12.59829709,222,1,,,20301,,205340959,,,334,16,19,"2025-04-08 16:25:05.203Z",11,9,285,LTE,"Xiaomi Redmi Note 7"
43.04934274,12.59765764,222,1,,,20301,,205340959,,,334,16,19,"2025-04-08 16:25:10.750Z",11,9,287,LTE,"Xiaomi Redmi Note 7"
43.04949436,12.59718918,222,1,,,20301,,205194538,,,229,24,17,"2025-04-08 16:25:15.768Z",11,9,287,LTE,"Xiaomi Redmi Note 7"
43.04961418,12.59664130,222,1,,,20301,,205194538,,,229,24,17,"2025-04-08 16:25:19.818Z",11,9,285,LTE,"Xiaomi Redmi Note 7"
43.04969086,12.59606447,222,1,,,20301,,205194538,,,229,24,17,"2025-04-08 16:25:25.851Z",11,7,276,LTE,"Xiaomi Redmi Note 7"
43.04969451,12.59598166,222,1,,,20301,,205194537,,,228,22,19,"2025-04-08 16:25:27.037Z",11,7,278,LTE,"Xiaomi Redmi Note 7"
43.04994552,12.59553475,222,1,,,20301,,205194537,,,228,22,19,"2025-04-08 16:25:34.807Z",12,5,319,LTE,"Xiaomi Redmi Note 7"
43.05009761,12.59534764,222,1,,,20301,,205119785,,,218,20,13,"2025-04-08 16:25:38.250Z",12,7,322,LTE,"Xiaomi Redmi Note 7"
43.05044500,12.59496060,222,1,,,20301,,205119785,,,218,20,13,"2025-04-08 16:25:45.747Z",13,7,330,LTE,"Xiaomi Redmi Note 7"
43.05055114,12.59491792,222,1,,,20301,,205194538,,,229,21,18,"2025-04-08 16:25:48.060Z",13,7,332,LTE,"Xiaomi Redmi Note 7"
43.05089877,12.59447931,222,1,,,20301,,205194538,,,229,21,18,"2025-04-08 16:25:53.803Z",11,7,322,LTE,"Xiaomi Redmi Note 7"
43.05132581,12.59405178,222,1,,,20301,,205194538,,,229,20,19,"2025-04-08 16:26:01.827Z",11,8,322,LTE,"Xiaomi Redmi Note 7"
43.05172972,12.59358873,222,1,,,20301,,205194538,,,229,20,19,"2025-04-08 16:26:08.739Z",11,8,320,LTE,"Xiaomi Redmi Note 7"
43.05178445,12.59351218,222,1,,,20301,,205091872,,,54,18,,"2025-04-08 16:26:09.870Z",11,8,319,LTE,"Xiaomi Redmi Note 7"
43.05212160,12.59312061,222,1,,,20301,,205091872,,,54,18,,"2025-04-08 16:26:15.752Z",11,8,323,LTE,"Xiaomi Redmi Note 7"
43.05246511,12.59279790,222,1,,,20301,,205091872,,,54,17,,"2025-04-08 16:26:21.799Z",11,8,325,LTE,"Xiaomi Redmi Note 7"
43.05285018,12.59239392,222,1,,,20301,,205091872,,,54,17,,"2025-04-08 16:26:27.807Z",11,9,322,LTE,"Xiaomi Redmi Note 7"
43.05323289,12.59199913,222,1,,,20301,,205091872,,,54,17,,"2025-04-08 16:26:33.761Z",11,9,322,LTE,"Xiaomi Redmi Note 7"
43.05358744,12.59160195,222,1,,,20301,,205091872,,,54,17,,"2025-04-08 16:26:39.752Z",12,8,323,LTE,"Xiaomi Redmi Note 7"
43.05358744,12.59160195,222,1,,,20301,,205119785,,,218,25,9,"2025-04-08 16:26:39.812Z",12,8,323,LTE,"Xiaomi Redmi Note 7"
43.05389477,12.59122589,222,1,,,20301,,205119785,,,218,25,9,"2025-04-08 16:26:45.788Z",12,9,321,LTE,"Xiaomi Redmi Note 7"
43.05419233,12.59097536,222,1,,,20301,,205194538,,,229,24,,"2025-04-08 16:26:49.842Z",11,9,324,LTE,"Xiaomi Redmi Note 7"
43.05451875,12.59058920,222,1,,,20301,,205194538,,,229,24,,"2025-04-08 16:26:54.765Z",11,9,323,LTE,"Xiaomi Redmi Note 7"
43.05493139,12.59049140,222,1,,,20301,,205194538,,,229,24,,"2025-04-08 16:27:01.799Z",11,8,22,LTE,"Xiaomi Redmi Note 7"
43.05525018,12.59087243,222,1,,,20301,,205194538,,,229,24,,"2025-04-08 16:27:10.756Z",10,6,50,LTE,"Xiaomi Redmi Note 7"
43.05556551,12.59127807,222,1,,,20301,,205194538,,,229,24,,"2025-04-08 16:27:18.743Z",10,6,49,LTE,"Xiaomi Redmi Note 7"
43.05595922,12.59144079,222,1,,,20301,,205194538,,,229,24,,"2025-04-08 16:27:36.775Z",10,7,319,LTE,"Xiaomi Redmi Note 7"
43.05637152,12.59130041,222,1,,,20301,,205194538,,,229,24,,"2025-04-08 16:27:44.754Z",11,7,23,LTE,"Xiaomi Redmi Note 7"
43.05669185,12.59183115,222,1,,,20301,,205194538,,,229,21,18,"2025-04-08 16:27:52.752Z",10,7,57,LTE,"Xiaomi Redmi Note 7"
43.05712215,12.59178977,222,1,,,20301,,205194538,,,229,21,18,"2025-04-08 16:28:00.758Z",10,7,331,LTE,"Xiaomi Redmi Note 7"
43.05744102,12.59140167,222,1,,,20301,,205194538,,,229,21,18,"2025-04-08 16:28:07.757Z",13,7,321,LTE,"Xiaomi Redmi Note 7"
43.05779823,12.59098721,222,1,,,20301,,205194538,,,229,27,,"2025-04-08 16:28:13.763Z",11,7,317,LTE,"Xiaomi Redmi Note 7"
43.05814269,12.59060963,222,1,,,20301,,205194538,,,229,27,,"2025-04-08 16:28:19.756Z",11,8,320,LTE,"Xiaomi Redmi Note 7"
43.05814269,12.59060963,222,1,,,20301,,205340961,,,86,20,,"2025-04-08 16:28:19.928Z",11,8,320,LTE,"Xiaomi Redmi Note 7"
43.05847213,12.59021909,222,1,,,20301,,205340961,,,86,20,,"2025-04-08 16:28:25.753Z",11,7,319,LTE,"Xiaomi Redmi Note 7"
43.05867660,12.58996443,222,1,,,20301,,205194538,,,229,22,,"2025-04-08 16:28:29.881Z",11,7,318,LTE,"Xiaomi Redmi Note 7"
43.05899774,12.58956709,222,1,,,20301,,205194538,,,229,22,,"2025-04-08 16:28:35.763Z",11,9,318,LTE,"Xiaomi Redmi Note 7"
43.05934396,12.58916007,222,1,,,20301,,205194538,,,229,22,,"2025-04-08 16:28:41.761Z",11,8,318,LTE,"Xiaomi Redmi Note 7"
43.05969301,12.58873797,222,1,,,20301,,205194538,,,229,22,,"2025-04-08 16:28:47.768Z",11,8,322,LTE,"Xiaomi Redmi Note 7"
43.06001165,12.58830790,222,1,,,20301,,205194538,,,229,24,,"2025-04-08 16:28:53.842Z",11,8,318,LTE,"Xiaomi Redmi Note 7"
43.06043434,12.58810606,222,1,,,20301,,205194538,,,229,24,,"2025-04-08 16:29:00.736Z",11,7,349,LTE,"Xiaomi Redmi Note 7"
43.06063716,12.58756585,222,1,,,20301,,205194538,,,229,22,,"2025-04-08 16:29:08.765Z",10,7,298,LTE,"Xiaomi Redmi Note 7"
43.06078473,12.58732916,222,1,,,20301,,205340971,,,3,20,,"2025-04-08 16:29:11.894Z",10,8,319,LTE,"Xiaomi Redmi Note 7"
43.06112047,12.58696015,222,1,,,20301,,205340971,,,3,20,,"2025-04-08 16:29:17.833Z",11,7,322,LTE,"Xiaomi Redmi Note 7"
43.06144238,12.58652325,222,1,,,20301,,205340971,,,3,20,,"2025-04-08 16:29:23.752Z",11,8,318,LTE,"Xiaomi Redmi Note 7"
43.06176802,12.58632145,222,1,,,20301,,205119785,,,218,26,,"2025-04-08 16:29:31.741Z",11,7,354,LTE,"Xiaomi Redmi Note 7"
43.06191436,12.58636271,222,1,,,20301,,205119785,,,218,26,,"2025-04-08 16:29:31.757Z",11,7,13,LTE,"Xiaomi Redmi Note 7"
43.06214219,12.58685115,222,1,,,20301,,205119785,,,218,26,,"2025-04-08 16:29:37.762Z",11,8,59,LTE,"Xiaomi Redmi Note 7"
43.06241312,12.58736483,222,1,,,20301,,205119785,,,218,23,4,"2025-04-08 16:29:43.754Z",11,7,51,LTE,"Xiaomi Redmi Note 7"
43.06268449,12.58783615,222,1,,,20301,,205119785,,,218,23,4,"2025-04-08 16:29:49.753Z",11,7,64,LTE,"Xiaomi Redmi Note 7"
43.06299214,12.58841130,222,1,,,20301,,205119785,,,218,22,,"2025-04-08 16:29:57.755Z",10,7,50,LTE,"Xiaomi Redmi Note 7"
43.06328658,12.58883359,222,1,,,20301,,205119785,,,218,22,,"2025-04-08 16:30:07.745Z",10,4,333,LTE,"Xiaomi Redmi Note 7"
43.06367926,12.58866681,222,1,,,20301,,205119785,,,218,26,5,"2025-04-08 16:30:14.783Z",11,7,345,LTE,"Xiaomi Redmi Note 7"
43.06412757,12.58858156,222,1,,,20301,,205119785,,,218,26,5,"2025-04-08 16:30:21.768Z",11,7,352,LTE,"Xiaomi Redmi Note 7"
43.06457153,12.58857831,222,1,,,20301,,205119785,,,218,26,5,"2025-04-08 16:30:27.777Z",11,8,357,LTE,"Xiaomi Redmi Note 7"
43.06499554,12.58851798,222,1,,,20301,,205119785,,,218,23,,"2025-04-08 16:30:33.748Z",11,8,350,LTE,"Xiaomi Redmi Note 7"
43.06542135,12.58830751,222,1,,,20301,,205119785,,,218,23,,"2025-04-08 16:30:39.750Z",11,8,338,LTE,"Xiaomi Redmi Note 7"
43.06586563,12.58816583,222,1,,,20301,,205119785,,,218,25,5,"2025-04-08 16:30:45.744Z",11,8,351,LTE,"Xiaomi Redmi Note 7"
43.06632019,12.58830747,222,1,,,20301,,205119785,,,218,25,5,"2025-04-08 16:30:52.793Z",10,7,12,LTE,"Xiaomi Redmi Note 7"
43.06675270,12.58842511,222,1,,,20301,,205119785,,,218,24,5,"2025-04-08 16:30:59.759Z",10,7,10,LTE,"Xiaomi Redmi Note 7"
43.06719730,12.58853732,222,1,,,20301,,205119785,,,218,26,5,"2025-04-08 16:31:06.761Z",10,7,11,LTE,"Xiaomi Redmi Note 7"
43.06763234,12.58867624,222,1,,,20301,,205119785,,,218,26,5,"2025-04-08 16:31:13.758Z",10,7,14,LTE,"Xiaomi Redmi Note 7"
43.06803908,12.58878827,222,1,,,20301,,205119785,,,218,26,5,"2025-04-08 16:31:19.768Z",10,7,10,LTE,"Xiaomi Redmi Note 7"
43.06822456,12.58885643,222,1,,,20301,,205119805,,,303,29,,"2025-04-08 16:31:23.052Z",10,7,15,LTE,"Xiaomi Redmi Note 7"
43.06864206,12.58911440,222,1,,,20301,,205119805,,,303,29,,"2025-04-08 16:31:29.760Z",10,8,23,LTE,"Xiaomi Redmi Note 7"
43.06881066,12.58923477,222,1,,,20301,,205119785,,,218,26,6,"2025-04-08 16:31:33.066Z",10,7,30,LTE,"Xiaomi Redmi Note 7"
43.06920562,12.58960590,222,1,,,20301,,205119785,,,218,26,6,"2025-04-08 16:31:39.762Z",10,8,40,LTE,"Xiaomi Redmi Note 7"
43.06949887,12.59006356,222,1,,,20301,,205119785,,,218,27,,"2025-04-08 16:31:46.767Z",10,6,44,LTE,"Xiaomi Redmi Note 7"
43.06987493,12.59047718,222,1,,,20301,,205119785,,,218,25,,"2025-04-08 16:31:54.752Z",10,4,18,LTE,"Xiaomi Redmi Note 7"
43.06996110,12.58989318,222,1,,,20301,,205119785,,,218,25,,"2025-04-08 16:32:03.817Z",10,7,269,LTE,"Xiaomi Redmi Note 7"
43.06962832,12.58923972,222,1,,,20301,,205340961,,,86,20,,"2025-04-08 16:32:16.042Z",10,7,234,LTE,"Xiaomi Redmi Note 7"
43.06937657,12.58867108,222,1,,,20301,,205340961,,,86,20,,"2025-04-08 16:32:22.785Z",10,9,239,LTE,"Xiaomi Redmi Note 7"
43.06914642,12.58819802,222,1,,,20301,,205340961,,,86,25,,"2025-04-08 16:32:27.841Z",10,9,235,LTE,"Xiaomi Redmi Note 7"
43.06888665,12.58762009,222,1,,,20301,,205340961,,,86,25,,"2025-04-08 16:32:33.810Z",10,10,232,LTE,"Xiaomi Redmi Note 7"
43.06860462,12.58708795,222,1,,,20301,,205340961,,,86,28,,"2025-04-08 16:32:38.743Z",10,10,235,LTE,"Xiaomi Redmi Note 7"
43.06830015,12.58662813,222,1,,,20301,,205340961,,,86,28,,"2025-04-08 16:32:43.765Z",10,10,223,LTE,"Xiaomi Redmi Note 7"
43.06797621,12.58616831,222,1,,,20301,,205340961,,,86,28,,"2025-04-08 16:32:48.757Z",10,10,234,LTE,"Xiaomi Redmi Note 7"
43.06765482,12.58564984,222,1,,,20301,,205340961,,,86,28,,"2025-04-08 16:32:54.745Z",10,9,233,LTE,"Xiaomi Redmi Note 7"
43.06734401,12.58514780,222,1,,,20301,,205340961,,,86,24,14,"2025-04-08 16:33:00.764Z",10,9,231,LTE,"Xiaomi Redmi Note 7"
43.06700075,12.58461675,222,1,,,20301,,205340961,,,86,24,14,"2025-04-08 16:33:06.993Z",11,10,227,LTE,"Xiaomi Redmi Note 7"
43.06691551,12.58395026,222,1,,,20301,,205340961,,,86,25,,"2025-04-08 16:33:12.792Z",10,10,269,LTE,"Xiaomi Redmi Note 7"
43.06679928,12.58334711,222,1,,,20301,,205340961,,,86,25,,"2025-04-08 16:33:17.740Z",10,10,247,LTE,"Xiaomi Redmi Note 7"
43.06676109,12.58323336,222,1,,,20301,,205119785,,,218,24,4,"2025-04-08 16:33:18.819Z",10,10,246,LTE,"Xiaomi Redmi Note 7"
43.06653604,12.58264629,222,1,,,20301,,205119785,,,218,24,4,"2025-04-08 16:33:23.753Z",10,10,243,LTE,"Xiaomi Redmi Note 7"
43.06628643,12.58206255,222,1,,,20301,,205119785,,,218,24,4,"2025-04-08 16:33:28.766Z",10,10,240,LTE,"Xiaomi Redmi Note 7"
43.06628643,12.58206255,222,1,,,20301,,205328425,,,8,25,33,"2025-04-08 16:33:28.837Z",10,10,240,LTE,"Xiaomi Redmi Note 7"
43.06615049,12.58153236,222,1,,,20301,,205328425,,,8,25,33,"2025-04-08 16:33:33.752Z",10,10,252,LTE,"Xiaomi Redmi Note 7"
43.06604161,12.58095894,222,1,,,20301,,205328425,,,8,25,33,"2025-04-08 16:33:38.762Z",10,9,256,LTE,"Xiaomi Redmi Note 7"
43.06602283,12.58083872,222,1,,,20301,,205119787,,,216,25,,"2025-04-08 16:33:39.954Z",10,10,258,LTE,"Xiaomi Redmi Note 7"
43.06599853,12.58027206,222,1,,,20301,,205119787,,,216,25,,"2025-04-08 16:33:44.774Z",10,10,266,LTE,"Xiaomi Redmi Note 7"
43.06585382,12.57961543,222,1,,,20301,,205119787,,,216,25,,"2025-04-08 16:33:49.973Z",10,11,248,LTE,"Xiaomi Redmi Note 7"
43.06585382,12.57961543,222,1,,,20301,,205340971,,,3,25,,"2025-04-08 16:33:50.741Z",10,11,248,LTE,"Xiaomi Redmi Note 7"
43.06560940,12.57904460,222,1,,,20301,,205340971,,,3,25,,"2025-04-08 16:33:54.739Z",10,11,241,LTE,"Xiaomi Redmi Note 7"
43.06531636,12.57832958,222,1,,,20301,,205340971,,,3,25,,"2025-04-08 16:34:00.750Z",10,11,239,LTE,"Xiaomi Redmi Note 7"
43.06531636,12.57832958,222,1,,,20301,,205119787,,,216,31,,"2025-04-08 16:34:01.080Z",10,11,239,LTE,"Xiaomi Redmi Note 7"
43.06509336,12.57783563,222,1,,,20301,,205119787,,,216,31,,"2025-04-08 16:34:04.834Z",10,12,236,LTE,"Xiaomi Redmi Note 7"
43.06475450,12.57725086,222,1,,,20301,,205119787,,,216,31,,"2025-04-08 16:34:09.758Z",10,12,232,LTE,"Xiaomi Redmi Note 7"
43.06454121,12.57674808,222,1,,,20301,,205119787,,,216,29,,"2025-04-08 16:34:13.789Z",10,12,240,LTE,"Xiaomi Redmi Note 7"
43.06433823,12.57623351,222,1,,,20301,,205119787,,,216,29,,"2025-04-08 16:34:17.751Z",10,11,241,LTE,"Xiaomi Redmi Note 7"
43.06424006,12.57559997,222,1,,,20301,,205119787,,,216,29,,"2025-04-08 16:34:22.904Z",10,10,280,LTE,"Xiaomi Redmi Note 7"
43.06441854,12.57502919,222,1,,,20301,,205119787,,,216,29,,"2025-04-08 16:34:27.785Z",10,10,293,LTE,"Xiaomi Redmi Note 7"
43.06465232,12.57453515,222,1,,,20301,,205119787,,,216,29,,"2025-04-08 16:34:33.768Z",10,9,338,LTE,"Xiaomi Redmi Note 7"
43.06505911,12.57442528,222,1,,,20301,,205119787,,,216,29,,"2025-04-08 16:34:38.746Z",11,9,357,LTE,"Xiaomi Redmi Note 7"
43.06548566,12.57441807,222,1,,,20301,,205119787,,,216,28,4,"2025-04-08 16:34:43.744Z",11,9,4,LTE,"Xiaomi Redmi Note 7"
43.06589859,12.57447234,222,1,,,20301,,205119787,,,216,28,4,"2025-04-08 16:34:48.776Z",10,9,5,LTE,"Xiaomi Redmi Note 7"
43.06612662,12.57449250,222,1,,,20301,,205340961,,,86,21,,"2025-04-08 16:34:51.972Z",11,9,5,LTE,"Xiaomi Redmi Note 7"
43.06658769,12.57456143,222,1,,,20301,,205340961,,,86,21,,"2025-04-08 16:34:57.756Z",11,9,2,LTE,"Xiaomi Redmi Note 7"
43.06704573,12.57449739,222,1,,,20301,,205340961,,,86,21,,"2025-04-08 16:35:03.775Z",11,9,351,LTE,"Xiaomi Redmi Note 7"
43.06746072,12.57439606,222,1,,,20301,,205340961,,,86,21,,"2025-04-08 16:35:08.748Z",11,9,349,LTE,"Xiaomi Redmi Note 7"
43.06769866,12.57434388,222,1,,,20301,,205119787,,,216,31,4,"2025-04-08 16:35:11.908Z",10,9,351,LTE,"Xiaomi Redmi Note 7"
43.06816541,12.57420026,222,1,,,20301,,205119787,,,216,31,4,"2025-04-08 16:35:17.729Z",10,9,345,LTE,"Xiaomi Redmi Note 7"
43.06860628,12.57405746,222,1,,,20301,,205119787,,,216,31,4,"2025-04-08 16:35:23.763Z",11,8,343,LTE,"Xiaomi Redmi Note 7"
43.06900036,12.57386360,222,1,,,20301,,205119787,,,216,31,4,"2025-04-08 16:35:29.767Z",11,9,341,LTE,"Xiaomi Redmi Note 7"
43.06939351,12.57367407,222,1,,,20301,,205119787,,,216,29,,"2025-04-08 16:35:34.805Z",11,9,341,LTE,"Xiaomi Redmi Note 7"
43.06981407,12.57339413,222,1,,,20301,,205119787,,,216,29,,"2025-04-08 16:35:40.788Z",11,8,332,LTE,"Xiaomi Redmi Note 7"
43.07016049,12.57306972,222,1,,,20301,,205119787,,,216,29,,"2025-04-08 16:35:47.764Z",11,6,315,LTE,"Xiaomi Redmi Note 7"
43.07023204,12.57241258,222,1,,,20301,,205119787,,,216,24,,"2025-04-08 16:35:56.757Z",10,7,268,LTE,"Xiaomi Redmi Note 7"
43.07026333,12.57184259,222,1,,,20301,,205119787,,,216,24,,"2025-04-08 16:36:02.763Z",10,8,282,LTE,"Xiaomi Redmi Note 7"
43.07036982,12.57122904,222,1,,,20301,,205119787,,,216,24,,"2025-04-08 16:36:08.748Z",11,8,284,LTE,"Xiaomi Redmi Note 7"
43.07036827,12.57104735,222,1,,,20301,,205119807,,,304,23,,"2025-04-08 16:36:21.926Z",11,0,281,LTE,"Xiaomi Redmi Note 7"
43.07025018,12.57165674,222,1,,,20301,,205119807,,,304,23,,"2025-04-08 16:36:33.757Z",10,7,102,LTE,"Xiaomi Redmi Note 7"
43.07018138,12.57225053,222,1,,,20301,,205119807,,,304,23,,"2025-04-08 16:36:39.745Z",11,8,95,LTE,"Xiaomi Redmi Note 7"
43.07020100,12.57248356,222,1,,,20301,,204993067,,,385,23,10,"2025-04-08 16:36:41.956Z",11,8,90,LTE,"Xiaomi Redmi Note 7"
43.07035441,12.57302160,222,1,,,20301,,204993067,,,385,23,10,"2025-04-08 16:36:51.747Z",10,5,16,LTE,"Xiaomi Redmi Note 7"
43.07035441,12.57302160,222,1,,,20301,,205119787,,,216,23,6,"2025-04-08 16:36:51.953Z",10,5,16,LTE,"Xiaomi Redmi Note 7"
43.07062828,12.57255522,222,1,,,20301,,205119787,,,216,23,6,"2025-04-08 16:36:59.760Z",10,9,281,LTE,"Xiaomi Redmi Note 7"
43.07079225,12.57203445,222,1,,,20301,,205119787,,,216,23,6,"2025-04-08 16:37:05.752Z",10,5,305,LTE,"Xiaomi Redmi Note 7"
43.07082675,12.57174592,222,1,,,20301,,205340971,,,3,27,,"2025-04-08 16:37:11.993Z",10,4,310,LTE,"Xiaomi Redmi Note 7"
43.07104763,12.57126167,222,1,,,20301,,205340971,,,3,27,,"2025-04-08 16:37:19.782Z",10,6,290,LTE,"Xiaomi Redmi Note 7"
43.07117194,12.57072065,222,1,,,20301,,205340971,,,3,27,,"2025-04-08 16:37:26.752Z",11,6,279,LTE,"Xiaomi Redmi Note 7"
43.07124627,12.57039047,222,1,,,20301,,205340961,,,86,19,,"2025-04-08 16:37:31.995Z",11,5,295,LTE,"Xiaomi Redmi Note 7"
43.07146627,12.56991396,222,1,,,20301,,205340961,,,86,19,,"2025-04-08 16:37:40.765Z",11,5,290,LTE,"Xiaomi Redmi Note 7"
43.07160267,12.56933277,222,1,,,20301,,205340961,,,86,20,,"2025-04-08 16:37:47.784Z",10,7,285,LTE,"Xiaomi Redmi Note 7"
43.07167338,12.56878225,222,1,,,20301,,205340961,,,86,20,,"2025-04-08 16:37:54.750Z",11,5,286,LTE,"Xiaomi Redmi Note 7"
43.07179716,12.56860934,222,1,,,20301,,205194538,,,229,21,,"2025-04-08 16:38:02.008Z",11,3,306,LTE,"Xiaomi Redmi Note 7"
43.07194796,12.56807133,222,1,,,20301,,205194538,,,229,21,,"2025-04-08 16:38:11.767Z",11,6,295,LTE,"Xiaomi Redmi Note 7"
43.07204359,12.56766975,222,1,,,20301,,205119787,,,216,19,,"2025-04-08 16:38:21.947Z",11,2,292,LTE,"Xiaomi Redmi Note 7"
43.07211023,12.56710514,222,1,,,20301,,205119787,,,216,19,,"2025-04-08 16:38:31.746Z",10,6,269,LTE,"Xiaomi Redmi Note 7"
43.07227133,12.56655555,222,1,,,20301,,205119787,,,216,20,10,"2025-04-08 16:38:43.744Z",10,5,342,LTE,"Xiaomi Redmi Note 7"
43.07257975,12.56624237,222,1,,,20301,,205340971,,,3,25,22,"2025-04-08 16:38:51.981Z",11,5,301,LTE,"Xiaomi Redmi Note 7"
43.07283735,12.56575461,222,1,,,20301,,205340971,,,3,25,22,"2025-04-08 16:39:03.750Z",10,5,337,LTE,"Xiaomi Redmi Note 7"
43.07308916,12.56532285,222,1,,,20301,,205340961,,,86,20,23,"2025-04-08 16:39:11.987Z",11,5,302,LTE,"Xiaomi Redmi Note 7"
43.07328152,12.56479713,222,1,,,20301,,205340961,,,86,20,23,"2025-04-08 16:39:23.754Z",10,4,293,LTE,"Xiaomi Redmi Note 7"
43.07350523,12.56448048,222,1,,,20301,,204993067,,,385,24,,"2025-04-08 16:39:32.031Z",10,5,317,LTE,"Xiaomi Redmi Note 7"
43.07365690,12.56394228,222,1,,,20301,,204993067,,,385,24,,"2025-04-08 16:39:38.748Z",11,6,288,LTE,"Xiaomi Redmi Note 7"
43.07367372,12.56335339,222,1,,,20301,,204993067,,,385,24,,"2025-04-08 16:39:45.755Z",11,5,274,LTE,"Xiaomi Redmi Note 7"
43.07376166,12.56279587,222,1,,,20301,,204993067,,,385,21,5,"2025-04-08 16:39:53.755Z",10,4,289,LTE,"Xiaomi Redmi Note 7"
43.07385032,12.56223655,222,1,,,20301,,204993067,,,385,21,5,"2025-04-08 16:40:03.742Z",10,4,273,LTE,"Xiaomi Redmi Note 7"
43.07392690,12.56168512,222,1,,,20301,,204993067,,,385,24,5,"2025-04-08 16:40:13.747Z",10,5,273,LTE,"Xiaomi Redmi Note 7"
43.07403085,12.56110478,222,1,,,20301,,204993067,,,385,24,5,"2025-04-08 16:40:22.743Z",10,4,276,LTE,"Xiaomi Redmi Note 7"
43.07409550,12.56073947,222,1,,,20301,,205340971,,,3,18,,"2025-04-08 16:40:52.014Z",10,1,205,LTE,"Xiaomi Redmi Note 7"
43.07384345,12.56029783,222,1,,,20301,,205340971,,,3,18,,"2025-04-08 16:41:10.758Z",11,2,207,LTE,"Xiaomi Redmi Note 7"
43.07382319,12.56028927,222,1,,,20301,,204993067,,,385,21,4,"2025-04-08 16:41:12.137Z",11,2,211,LTE,"Xiaomi Redmi Note 7"
43.07377514,12.56026853,222,1,,,20301,,205137216,,,140,20,30,"2025-04-08 16:41:52.979Z",11,0,0,LTE,"Xiaomi Redmi Note 7"
43.07377463,12.56027059,222,1,,,20301,,204993067,,,385,18,4,"2025-04-08 16:42:02.988Z",10,0,0,LTE,"Xiaomi Redmi Note 7"
43.07407621,12.56066478,222,1,,,20301,,204993067,,,385,19,,"2025-04-08 16:42:42.786Z",10,2,16,LTE,"Xiaomi Redmi Note 7"
43.07425905,12.56074234,222,1,,,20301,,205340971,,,3,21,,"2025-04-08 16:43:02.976Z",11,2,360,LTE,"Xiaomi Redmi Note 7"
43.07467669,12.56092801,222,1,,,20301,,205340971,,,3,20,,"2025-04-08 16:43:27.740Z",11,5,343,LTE,"Xiaomi Redmi Note 7"
43.07491334,12.56057948,222,1,,,20301,,204993067,,,385,18,4,"2025-04-08 16:43:43.025Z",10,2,263,LTE,"Xiaomi Redmi Note 7"
43.07492907,12.56002009,222,1,,,20301,,204993067,,,385,18,4,"2025-04-08 16:43:47.749Z",12,7,268,LTE,"Xiaomi Redmi Note 7"
43.07493131,12.55935775,222,1,,,20301,,204993067,,,385,18,4,"2025-04-08 16:43:53.748Z",11,8,269,LTE,"Xiaomi Redmi Note 7"
43.07491720,12.55875583,222,1,,,20301,,204993067,,,385,18,4,"2025-04-08 16:43:59.753Z",10,8,269,LTE,"Xiaomi Redmi Note 7"
43.07489524,12.55857586,222,1,,,20301,,204993087,,,232,22,,"2025-04-08 16:44:02.958Z",10,5,248,LTE,"Xiaomi Redmi Note 7"
43.07464444,12.55824933,222,1,,,20301,,204993067,,,385,23,3,"2025-04-08 16:44:13.014Z",10,4,230,LTE,"Xiaomi Redmi Note 7"
43.07488614,12.55874069,222,1,,,20301,,204993067,,,385,23,3,"2025-04-08 16:44:27.782Z",10,6,70,LTE,"Xiaomi Redmi Note 7"
43.07509412,12.55923510,222,1,,,20301,,204993067,,,385,25,,"2025-04-08 16:44:35.757Z",10,6,14,LTE,"Xiaomi Redmi Note 7"
43.07550716,12.55916576,222,1,,,20301,,204993067,,,385,25,,"2025-04-08 16:44:42.784Z",10,6,3,LTE,"Xiaomi Redmi Note 7"
43.07571833,12.55883553,222,1,,,20301,,205328425,,,8,25,22,"2025-04-08 16:44:52.996Z",10,6,272,LTE,"Xiaomi Redmi Note 7"
43.07569682,12.55825300,222,1,,,20301,,205328425,,,8,25,22,"2025-04-08 16:44:58.756Z",10,8,267,LTE,"Xiaomi Redmi Note 7"
43.07568505,12.55758719,222,1,,,20301,,205328425,,,8,24,,"2025-04-08 16:45:04.746Z",10,9,268,LTE,"Xiaomi Redmi Note 7"
43.07565888,12.55702114,222,1,,,20301,,205328425,,,8,24,,"2025-04-08 16:45:09.748Z",10,9,268,LTE,"Xiaomi Redmi Note 7"
43.07563961,12.55642574,222,1,,,20301,,205328425,,,8,24,,"2025-04-08 16:45:14.749Z",10,10,268,LTE,"Xiaomi Redmi Note 7"
43.07563119,12.55583214,222,1,,,20301,,205328425,,,8,24,,"2025-04-08 16:45:19.826Z",10,10,267,LTE,"Xiaomi Redmi Note 7"
43.07561208,12.55534007,222,1,,,20301,,204993068,,,324,26,,"2025-04-08 16:45:24.795Z",10,10,268,LTE,"Xiaomi Redmi Note 7"
43.07558101,12.55470877,222,1,,,20301,,204993068,,,324,26,,"2025-04-08 16:45:29.810Z",10,10,268,LTE,"Xiaomi Redmi Note 7"
43.07555062,12.55403737,222,1,,,20301,,204993068,,,324,26,,"2025-04-08 16:45:33.800Z",10,11,266,LTE,"Xiaomi Redmi Note 7"
43.07551331,12.55339305,222,1,,,20301,,204993068,,,324,22,4,"2025-04-08 16:45:38.751Z",10,11,266,LTE,"Xiaomi Redmi Note 7"
43.07545537,12.55273663,222,1,,,20301,,204993068,,,324,22,4,"2025-04-08 16:45:43.919Z",10,11,263,LTE,"Xiaomi Redmi Note 7"
43.07541755,12.55211767,222,1,,,20301,,204993068,,,324,26,,"2025-04-08 16:45:48.748Z",10,11,264,LTE,"Xiaomi Redmi Note 7"
43.07533164,12.55154161,222,1,,,20301,,204993068,,,324,27,,"2025-04-08 16:46:05.761Z",10,3,272,LTE,"Xiaomi Redmi Note 7"
43.07532332,12.55096829,222,1,,,20301,,204993068,,,324,27,,"2025-04-08 16:46:12.741Z",10,8,265,LTE,"Xiaomi Redmi Note 7"
43.07528662,12.55036821,222,1,,,20301,,204993068,,,324,25,4,"2025-04-08 16:46:18.751Z",10,9,270,LTE,"Xiaomi Redmi Note 7"
43.07531358,12.54975625,222,1,,,20301,,204993068,,,324,25,4,"2025-04-08 16:46:24.749Z",10,8,273,LTE,"Xiaomi Redmi Note 7"
43.07533817,12.54955282,222,1,,,20301,,205340961,,,86,24,,"2025-04-08 16:46:27.641Z",10,8,276,LTE,"Xiaomi Redmi Note 7"
43.07537336,12.54896136,222,1,,,20301,,205340961,,,86,24,,"2025-04-08 16:46:32.763Z",10,8,276,LTE,"Xiaomi Redmi Note 7"
43.07545094,12.54836746,222,1,,,20301,,205340961,,,86,24,,"2025-04-08 16:46:37.773Z",10,10,283,LTE,"Xiaomi Redmi Note 7"
43.07557711,12.54782663,222,1,,,20301,,205340961,,,86,24,,"2025-04-08 16:46:41.762Z",10,11,288,LTE,"Xiaomi Redmi Note 7"
43.07568172,12.54714880,222,1,,,20301,,205340961,,,86,24,,"2025-04-08 16:46:46.763Z",11,11,287,LTE,"Xiaomi Redmi Note 7"
43.07568172,12.54714880,222,1,,,20301,,204993065,,,384,21,,"2025-04-08 16:46:47.582Z",11,11,287,LTE,"Xiaomi Redmi Note 7"
43.07576948,12.54655703,222,1,,,20301,,204993065,,,384,21,,"2025-04-08 16:46:51.744Z",11,9,278,LTE,"Xiaomi Redmi Note 7"
43.07591122,12.54595122,222,1,,,20301,,204993065,,,384,20,6,"2025-04-08 16:46:57.755Z",11,8,287,LTE,"Xiaomi Redmi Note 7"
43.07601606,12.54535189,222,1,,,20301,,204993065,,,384,20,6,"2025-04-08 16:47:03.753Z",11,8,285,LTE,"Xiaomi Redmi Note 7"
43.07611883,12.54478886,222,1,,,20301,,204993065,,,384,20,6,"2025-04-08 16:47:08.740Z",12,9,287,LTE,"Xiaomi Redmi Note 7"
43.07621700,12.54419035,222,1,,,20301,,204993065,,,384,20,6,"2025-04-08 16:47:14.757Z",11,9,279,LTE,"Xiaomi Redmi Note 7"
43.07630834,12.54357146,222,1,,,20301,,204993065,,,384,17,5,"2025-04-08 16:47:20.746Z",11,8,282,LTE,"Xiaomi Redmi Note 7"
43.07646113,12.54321162,222,1,,,20301,,204993085,,,120,20,7,"2025-04-08 16:47:27.595Z",11,6,293,LTE,"Xiaomi Redmi Note 7"
43.07606903,12.54307981,222,1,,,20301,,205328426,,,6,23,22,"2025-04-08 16:47:37.592Z",10,7,194,LTE,"Xiaomi Redmi Note 7"
43.07569191,12.54279955,222,1,,,20301,,205328426,,,6,23,22,"2025-04-08 16:47:42.752Z",11,8,209,LTE,"Xiaomi Redmi Note 7"
43.07530643,12.54257265,222,1,,,20301,,205328426,,,6,23,22,"2025-04-08 16:47:47.752Z",11,9,212,LTE,"Xiaomi Redmi Note 7"
43.07492742,12.54219176,222,1,,,20301,,205328426,,,6,23,22,"2025-04-08 16:47:53.756Z",11,8,218,LTE,"Xiaomi Redmi Note 7"
43.07455283,12.54195995,222,1,,,20301,,205328426,,,6,19,23,"2025-04-08 16:47:58.744Z",11,8,212,LTE,"Xiaomi Redmi Note 7"
43.07414585,12.54164058,222,1,,,20301,,205328426,,,6,19,23,"2025-04-08 16:48:04.759Z",11,9,209,LTE,"Xiaomi Redmi Note 7"
43.07377324,12.54136065,222,1,,,20301,,205328426,,,6,19,23,"2025-04-08 16:48:09.743Z",11,9,214,LTE,"Xiaomi Redmi Note 7"
43.07338334,12.54102724,222,1,,,20301,,205328426,,,6,19,23,"2025-04-08 16:48:14.790Z",11,11,211,LTE,"Xiaomi Redmi Note 7"
43.07231357,12.54016863,222,1,,25306,,,2283,,,,0,6,"2025-04-08 16:48:27.786Z",11,9,213,GSM,"Xiaomi Redmi Note 7"
43.07195008,12.53985956,222,1,,25306,,,2283,,,,0,6,"2025-04-08 16:48:32.780Z",11,10,213,GSM,"Xiaomi Redmi Note 7"
43.07158826,12.53949899,222,1,,25306,,,2283,,,,0,6,"2025-04-08 16:48:38.748Z",11,7,214,GSM,"Xiaomi Redmi Note 7"
43.07116670,12.53956941,222,1,,25306,,,2283,,,,0,6,"2025-04-08 16:48:46.736Z",10,7,121,GSM,"Xiaomi Redmi Note 7"
43.07113305,12.53966131,222,1,,25306,,,35361,,,,12,1,"2025-04-08 16:48:47.793Z",10,8,116,GSM,"Xiaomi Redmi Note 7"
43.07113305,12.53966131,222,1,,25306,,,20337,,,,9,,"2025-04-08 16:48:47.793Z",10,8,116,GSM,"Xiaomi Redmi Note 7"
43.07113305,12.53966131,222,1,,25306,,,36649,,,,7,,"2025-04-08 16:48:47.793Z",10,8,116,GSM,"Xiaomi Redmi Note 7"
43.07113305,12.53966131,222,1,,25306,,,2283,,,,11,,"2025-04-08 16:48:47.793Z",10,8,116,GSM,"Xiaomi Redmi Note 7"
43.07079676,12.54003996,222,1,,25306,,,35361,,,,12,1,"2025-04-08 16:48:58.732Z",10,6,114,GSM,"Xiaomi Redmi Note 7"
43.07079676,12.54003996,222,1,,25306,,,20337,,,,9,,"2025-04-08 16:48:58.732Z",10,6,114,GSM,"Xiaomi Redmi Note 7"
43.07079676,12.54003996,222,1,,25306,,,36649,,,,7,,"2025-04-08 16:48:58.732Z",10,6,114,GSM,"Xiaomi Redmi Note 7"
43.07079676,12.54003996,222,1,,25306,,,2283,,,,11,,"2025-04-08 16:48:58.732Z",10,6,114,GSM,"Xiaomi Redmi Note 7"
43.07063277,12.54062441,222,1,,25306,,,35361,,,,12,1,"2025-04-08 16:49:05.739Z",11,7,115,GSM,"Xiaomi Redmi Note 7"
43.07063277,12.54062441,222,1,,25306,,,20337,,,,9,,"2025-04-08 16:49:05.739Z",11,7,115,GSM,"Xiaomi Redmi Note 7"
43.07063277,12.54062441,222,1,,25306,,,36649,,,,7,,"2025-04-08 16:49:05.739Z",11,7,115,GSM,"Xiaomi Redmi Note 7"
43.07063277,12.54062441,222,1,,25306,,,2283,,,,11,,"2025-04-08 16:49:05.739Z",11,7,115,GSM,"Xiaomi Redmi Note 7"
43.07060137,12.54071817,222,1,,,20301,,204993065,,,384,24,7,"2025-04-08 16:49:07.582Z",10,8,115,LTE,"Xiaomi Redmi Note 7"
43.07047052,12.54125905,222,1,,,20301,,204993065,,,384,24,7,"2025-04-08 16:49:14.769Z",10,4,109,LTE,"Xiaomi Redmi Note 7"
43.07043333,12.54143194,222,1,,,20301,,204993085,,,120,23,,"2025-04-08 16:49:17.601Z",11,7,104,LTE,"Xiaomi Redmi Note 7"
43.07034201,12.54203244,222,1,,,20301,,204993085,,,120,23,,"2025-04-08 16:49:22.755Z",10,9,103,LTE,"Xiaomi Redmi Note 7"
43.07025503,12.54266018,222,1,,,20301,,204993085,,,120,21,,"2025-04-08 16:49:28.746Z",10,8,101,LTE,"Xiaomi Redmi Note 7"
43.07002839,12.54312934,222,1,,,20301,,204993085,,,120,21,,"2025-04-08 16:49:34.766Z",10,7,135,LTE,"Xiaomi Redmi Note 7"
43.06974816,12.54357000,222,1,,,20301,,204993085,,,120,21,,"2025-04-08 16:49:40.744Z",10,8,132,LTE,"Xiaomi Redmi Note 7"
43.06944117,12.54399618,222,1,,,20301,,204993085,,,120,21,,"2025-04-08 16:49:46.731Z",10,8,130,LTE,"Xiaomi Redmi Note 7"
43.06944117,12.54399618,222,1,,,20301,,204993065,,,384,20,5,"2025-04-08 16:49:47.606Z",10,8,130,LTE,"Xiaomi Redmi Note 7"
43.06916373,12.54442976,222,1,,,20301,,204993065,,,384,20,5,"2025-04-08 16:49:52.744Z",10,8,131,LTE,"Xiaomi Redmi Note 7"
43.06886538,12.54485388,222,1,,,20301,,204993065,,,384,21,5,"2025-04-08 16:49:59.746Z",10,6,126,LTE,"Xiaomi Redmi Note 7"
43.06856366,12.54527038,222,1,,,20301,,204993065,,,384,21,5,"2025-04-08 16:50:06.743Z",10,7,146,LTE,"Xiaomi Redmi Note 7"
43.06826002,12.54514709,222,1,,,20301,,204852009,,,397,23,8,"2025-04-08 16:50:17.573Z",10,3,296,LTE,"Xiaomi Redmi Note 7"
43.06861336,12.54482961,222,1,,,20301,,204852009,,,397,23,8,"2025-04-08 16:50:26.749Z",11,6,333,LTE,"Xiaomi Redmi Note 7"
43.06889346,12.54437489,222,1,,,20301,,204852009,,,397,23,8,"2025-04-08 16:50:34.755Z",11,6,310,LTE,"Xiaomi Redmi Note 7"
43.06896607,12.54428557,222,1,,,20301,,204993065,,,384,21,,"2025-04-08 16:50:37.605Z",11,5,319,LTE,"Xiaomi Redmi Note 7"
43.06924679,12.54383026,222,1,,,20301,,204993065,,,384,21,,"2025-04-08 16:50:44.766Z",11,6,295,LTE,"Xiaomi Redmi Note 7"
43.06942245,12.54330783,222,1,,,20301,,204993065,,,384,21,,"2025-04-08 16:50:51.756Z",11,6,295,LTE,"Xiaomi Redmi Note 7"
43.06947350,12.54275285,222,1,,,20301,,204993065,,,384,21,6,"2025-04-08 16:51:04.741Z",11,4,278,LTE,"Xiaomi Redmi Note 7"
43.06952928,12.54217214,222,1,,,20301,,204993065,,,384,24,6,"2025-04-08 16:51:14.746Z",11,4,281,LTE,"Xiaomi Redmi Note 7"
43.06973416,12.54167187,222,1,,,20301,,204993065,,,384,23,,"2025-04-08 16:51:27.756Z",11,4,347,LTE,"Xiaomi Redmi Note 7"
43.07020602,12.54153112,222,1,,,20301,,204993065,,,384,23,,"2025-04-08 16:51:37.744Z",11,6,345,LTE,"Xiaomi Redmi Note 7"
43.07066129,12.54153301,222,1,,,20301,,204993065,,,384,22,,"2025-04-08 16:51:47.772Z",11,6,8,LTE,"Xiaomi Redmi Note 7"
43.07110302,12.54164969,222,1,,,20301,,204993065,,,384,23,7,"2025-04-08 16:51:55.748Z",11,6,11,LTE,"Xiaomi Redmi Note 7"
43.07150395,12.54184365,222,1,,,20301,,204993065,,,384,24,,"2025-04-08 16:52:03.746Z",12,6,25,LTE,"Xiaomi Redmi Note 7"
43.07190150,12.54202202,222,1,,,20301,,204993065,,,384,24,,"2025-04-08 16:52:11.791Z",12,3,24,LTE,"Xiaomi Redmi Note 7"
43.07226001,12.54229753,222,1,,,20301,,204993065,,,384,23,6,"2025-04-08 16:52:23.748Z",11,3,31,LTE,"Xiaomi Redmi Note 7"
43.07270032,12.54243600,222,1,,,20301,,204993065,,,384,23,6,"2025-04-08 16:52:35.731Z",10,4,11,LTE,"Xiaomi Redmi Note 7"
43.07306873,12.54278152,222,1,,,20301,,204993065,,,384,23,,"2025-04-08 16:52:48.996Z",10,3,62,LTE,"Xiaomi Redmi Note 7"
43.07334688,12.54325162,222,1,,,20301,,204993065,,,384,22,,"2025-04-08 16:53:01.738Z",10,4,51,LTE,"Xiaomi Redmi Note 7"
43.07359179,12.54374615,222,1,,,20301,,204993065,,,384,22,6,"2025-04-08 16:53:12.741Z",11,4,57,LTE,"Xiaomi Redmi Note 7"
43.07350367,12.54432100,222,1,,,20301,,204993065,,,384,24,,"2025-04-08 16:53:27.755Z",11,5,124,LTE,"Xiaomi Redmi Note 7"
43.07326959,12.54486088,222,1,,,20301,,204993065,,,384,24,,"2025-04-08 16:53:36.745Z",12,5,120,LTE,"Xiaomi Redmi Note 7"
43.07309025,12.54536641,222,1,,,20301,,204993065,,,384,25,,"2025-04-08 16:53:44.772Z",11,4,147,LTE,"Xiaomi Redmi Note 7"
43.07305031,12.54593386,222,1,,,20301,,204993065,,,384,26,4,"2025-04-08 16:53:54.745Z",11,3,90,LTE,"Xiaomi Redmi Note 7"
43.07299808,12.54651733,222,1,,,20301,,204993065,,,384,26,4,"2025-04-08 16:54:05.743Z",10,4,133,LTE,"Xiaomi Redmi Note 7"
43.07296233,12.54708349,222,1,,,20301,,204993065,,,384,27,4,"2025-04-08 16:54:15.740Z",11,5,78,LTE,"Xiaomi Redmi Note 7"
43.07315679,12.54762319,222,1,,,20301,,204993065,,,384,27,4,"2025-04-08 16:54:24.739Z",12,5,40,LTE,"Xiaomi Redmi Note 7"
43.07340059,12.54809158,222,1,,,20301,,204993065,,,384,24,,"2025-04-08 16:54:34.749Z",11,5,49,LTE,"Xiaomi Redmi Note 7"
43.07362908,12.54859888,222,1,,,20301,,204993065,,,384,24,3,"2025-04-08 16:54:43.730Z",11,4,74,LTE,"Xiaomi Redmi Note 7"
43.07384922,12.54908298,222,1,,,20301,,204993065,,,384,24,3,"2025-04-08 16:54:52.798Z",11,4,55,LTE,"Xiaomi Redmi Note 7"
43.07414412,12.54949965,222,1,,,20301,,204993065,,,384,28,3,"2025-04-08 16:55:03.745Z",11,5,43,LTE,"Xiaomi Redmi Note 7"
43.07453859,12.54974777,222,1,,,20301,,204993065,,,384,30,3,"2025-04-08 16:55:16.742Z",11,3,337,LTE,"Xiaomi Redmi Note 7"
43.07476542,12.55021995,222,1,,,20301,,204993065,,,384,30,3,"2025-04-08 16:55:31.747Z",14,3,93,LTE,"Xiaomi Redmi Note 7"
43.07467008,12.55037259,222,1,,,20301,,204993068,,,324,19,4,"2025-04-08 16:56:04.111Z",10,1,165,LTE,"Xiaomi Redmi Note 7"
43.07426464,12.55028282,222,1,,,20301,,204993068,,,324,23,,"2025-04-08 16:56:43.772Z",10,2,198,LTE,"Xiaomi Redmi Note 7"
43.07416585,12.55023534,222,1,,,20301,,204993065,,,384,23,3,"2025-04-08 16:56:46.945Z",10,3,200,LTE,"Xiaomi Redmi Note 7"
43.07339847,12.55013320,222,1,,,20301,,204993065,,,384,23,3,"2025-04-08 16:56:53.911Z",11,8,184,LTE,"Xiaomi Redmi Note 7"
43.07293322,12.55012053,222,1,,,20301,,204993065,,,384,23,,"2025-04-08 16:56:59.753Z",11,9,184,LTE,"Xiaomi Redmi Note 7"
43.07248606,12.55003557,222,1,,,20301,,204993065,,,384,23,,"2025-04-08 16:57:05.745Z",11,9,187,LTE,"Xiaomi Redmi Note 7"
43.07204431,12.54991735,222,1,,,20301,,204993065,,,384,23,,"2025-04-08 16:57:11.742Z",11,8,185,LTE,"Xiaomi Redmi Note 7"
43.07157189,12.54989827,222,1,,,20301,,204993065,,,384,29,2,"2025-04-08 16:57:17.739Z",11,8,184,LTE,"Xiaomi Redmi Note 7"
43.07114235,12.54987264,222,1,,,20301,,204993065,,,384,29,2,"2025-04-08 16:57:23.734Z",12,7,181,LTE,"Xiaomi Redmi Note 7"
43.07101392,12.55046219,222,1,,,20301,,204993065,,,384,29,2,"2025-04-08 16:57:30.753Z",12,8,91,LTE,"Xiaomi Redmi Note 7"
43.07103846,12.55109654,222,1,,,20301,,204993065,,,384,29,2,"2025-04-08 16:57:36.790Z",11,8,93,LTE,"Xiaomi Redmi Note 7"
43.07099020,12.55174598,222,1,,,20301,,204993065,,,384,31,,"2025-04-08 16:57:42.742Z",12,9,96,LTE,"Xiaomi Redmi Note 7"
43.07100667,12.55232658,222,1,,,20301,,204993065,,,384,31,,"2025-04-08 16:57:48.741Z",11,7,95,LTE,"Xiaomi Redmi Note 7"
43.07099890,12.55292421,222,1,,,20301,,204993065,,,384,31,,"2025-04-08 16:57:55.761Z",12,8,92,LTE,"Xiaomi Redmi Note 7"
43.07102065,12.55356660,222,1,,,20301,,204993065,,,384,31,,"2025-04-08 16:58:02.765Z",10,7,91,LTE,"Xiaomi Redmi Note 7"
43.07103801,12.55397982,222,1,,,20301,,204993068,,,324,31,0,"2025-04-08 16:58:07.519Z",10,7,88,LTE,"Xiaomi Redmi Note 7"
43.07100746,12.55459243,222,1,,,20301,,204993068,,,324,31,0,"2025-04-08 16:58:13.742Z",11,7,92,LTE,"Xiaomi Redmi Note 7"
43.07102945,12.55492129,222,1,,,20301,,204993067,,,385,31,0,"2025-04-08 16:58:17.514Z",12,8,86,LTE,"Xiaomi Redmi Note 7"
43.07101646,12.55555818,222,1,,,20301,,204993067,,,385,31,0,"2025-04-08 16:58:23.739Z",11,7,92,LTE,"Xiaomi Redmi Note 7"
43.07093459,12.55612812,222,1,,,20301,,204993067,,,385,31,1,"2025-04-08 16:58:30.744Z",11,7,98,LTE,"Xiaomi Redmi Note 7"
43.07063332,12.55652456,222,1,,,20301,,204993067,,,385,31,,"2025-04-08 16:58:41.741Z",11,5,181,LTE,"Xiaomi Redmi Note 7"
43.07019036,12.55643226,222,1,,,20301,,204993067,,,385,31,,"2025-04-08 16:58:51.754Z",12,5,187,LTE,"Xiaomi Redmi Note 7"
43.06977080,12.55639966,222,1,,,20301,,204993067,,,385,31,,"2025-04-08 16:58:54.746Z",12,7,187,LTE,"Xiaomi Redmi Note 7"
43.06932314,12.55619229,222,1,,,20301,,204993067,,,385,27,,"2025-04-08 16:59:02.742Z",11,8,214,LTE,"Xiaomi Redmi Note 7"
43.06901019,12.55590817,222,1,,,20301,,204993066,,,386,25,1,"2025-04-08 16:59:07.544Z",12,10,216,LTE,"Xiaomi Redmi Note 7"
43.06868381,12.55629198,222,1,,,20301,,204993066,,,386,31,2,"2025-04-08 16:59:17.743Z",11,5,188,LTE,"Xiaomi Redmi Note 7"
43.06810824,12.55598123,222,1,,,20301,,204993066,,,386,31,2,"2025-04-08 16:59:26.737Z",12,8,204,LTE,"Xiaomi Redmi Note 7"
43.06765859,12.55576403,222,1,,,20301,,204993066,,,386,31,,"2025-04-08 16:59:32.739Z",12,9,202,LTE,"Xiaomi Redmi Note 7"
43.06719942,12.55556278,222,1,,,20301,,204993066,,,386,31,,"2025-04-08 16:59:38.750Z",12,7,199,LTE,"Xiaomi Redmi Note 7"
43.06734749,12.55502269,222,1,,,20301,,204993066,,,386,31,,"2025-04-08 16:59:46.740Z",11,7,295,LTE,"Xiaomi Redmi Note 7"
43.06755817,12.55450216,222,1,,,20301,,204993066,,,386,24,,"2025-04-08 16:59:53.737Z",11,4,308,LTE,"Xiaomi Redmi Note 7"
43.06776595,12.55394859,222,1,,,20301,,204993066,,,386,26,3,"2025-04-08 17:00:05.738Z",10,6,287,LTE,"Xiaomi Redmi Note 7"
43.06737247,12.55359269,222,1,,,20301,,204993066,,,386,28,,"2025-04-08 17:00:14.788Z",11,6,197,LTE,"Xiaomi Redmi Note 7"
43.06695357,12.55357104,222,1,,,20301,,204993066,,,386,28,3,"2025-04-08 17:00:22.745Z",11,4,104,LTE,"Xiaomi Redmi Note 7"
43.06672345,12.55409054,222,1,,,20301,,204993066,,,386,28,3,"2025-04-08 17:00:30.742Z",11,7,123,LTE,"Xiaomi Redmi Note 7"
43.06654798,12.55464388,222,1,,,20301,,204993066,,,386,19,,"2025-04-08 17:00:37.747Z",11,7,111,LTE,"Xiaomi Redmi Note 7"
43.06610481,12.55467398,222,1,,,20301,,204993066,,,386,19,,"2025-04-08 17:00:45.740Z",11,8,205,LTE,"Xiaomi Redmi Note 7"
43.06569536,12.55445333,222,1,,,20301,,204993066,,,386,19,4,"2025-04-08 17:00:51.731Z",12,7,203,LTE,"Xiaomi Redmi Note 7"
43.06527583,12.55430011,222,1,,,20301,,204993066,,,386,19,4,"2025-04-08 17:00:57.740Z",12,7,203,LTE,"Xiaomi Redmi Note 7"
43.06490197,12.55406827,222,1,,,20301,,204993066,,,386,19,4,"2025-04-08 17:01:02.778Z",12,7,208,LTE,"Xiaomi Redmi Note 7"
43.06449507,12.55384343,222,1,,,20301,,204993066,,,386,20,,"2025-04-08 17:01:10.742Z",12,6,195,LTE,"Xiaomi Redmi Note 7"
43.06406810,12.55355561,222,1,,,20301,,204993066,,,386,20,,"2025-04-08 17:01:17.742Z",11,7,204,LTE,"Xiaomi Redmi Note 7"
43.06367220,12.55337756,222,1,,,20301,,204993066,,,386,20,,"2025-04-08 17:01:25.741Z",11,7,199,LTE,"Xiaomi Redmi Note 7"
43.06324475,12.55311377,222,1,,,20301,,204993066,,,386,19,,"2025-04-08 17:01:31.738Z",10,9,206,LTE,"Xiaomi Redmi Note 7"
43.06285849,12.55289598,222,1,,,20301,,204993066,,,386,19,,"2025-04-08 17:01:36.758Z",12,9,203,LTE,"Xiaomi Redmi Note 7"
43.06285849,12.55289598,222,1,,,20301,,53431071,,,489,14,10,"2025-04-08 17:01:37.571Z",12,9,203,LTE,"Xiaomi Redmi Note 7"
43.06243014,12.55267186,222,1,,,20301,,53431071,,,489,14,10,"2025-04-08 17:01:41.759Z",12,9,204,LTE,"Xiaomi Redmi Note 7"
43.06199088,12.55247075,222,1,,,20301,,53431071,,,489,14,10,"2025-04-08 17:01:46.790Z",11,9,200,LTE,"Xiaomi Redmi Note 7"
43.06199088,12.55247075,222,1,,,20301,,204852009,,,397,23,,"2025-04-08 17:01:47.608Z",11,9,200,LTE,"Xiaomi Redmi Note 7"
43.06165095,12.55211338,222,1,,,20301,,204852009,,,397,23,,"2025-04-08 17:01:52.783Z",10,9,242,LTE,"Xiaomi Redmi Note 7"
43.06170258,12.55149388,222,1,,,20301,,204852009,,,397,23,,"2025-04-08 17:01:58.769Z",11,9,291,LTE,"Xiaomi Redmi Note 7"
43.06186720,12.55095817,222,1,,,20301,,204852009,,,397,23,,"2025-04-08 17:02:04.743Z",11,8,287,LTE,"Xiaomi Redmi Note 7"
43.06229256,12.55102911,222,1,,,20301,,204852009,,,397,27,4,"2025-04-08 17:02:12.744Z",11,7,27,LTE,"Xiaomi Redmi Note 7"