mcc,mnc,lac,cell_id,short_cell_id,rnc,psc,asu,dbm,ta,lat,lon,accuracy,speed,bearing,altitude,measured_at,net_type,neighboring,discovered_at,device,rsrp,rsrq,rssi,rssnr,cqi,rscp,csi_rsrp,csi_rsrq,csi_sinr,ss_rsrp,ss_rsrq,ss_sinr,cdma_dbm,cdma_ecio,evdo_dbm,evdo_ecio,evdo_snr,ec_no,arfcn
222,10,33020,14860319,58048,31,140,22,-69,4,43.30254014,12.34014189,18.7,0,0,306.15,"2025-03-22T14:28:55.641Z",LTE,false,"2025-03-20T15:43:47.030Z","OnePlus AC2003",-101,-11,-69,12,,,,,,,,,,,,,,,1850
222,10,33020,14860329,58048,41,438,16,-81,,43.30243395,12.33999305,5.5,0,0,300.88,"2025-03-22T14:29:24.300Z",LTE,false,"2025-03-20T15:45:44.199Z","OnePlus AC2003",-110,-9,-81,,,,,,,,,,,,,,,,525
222,10,33020,14860329,58048,41,438,14,-85,,43.30265220,12.33950930,3.79,8.55,307,297.76,"2025-03-22T14:29:46.987Z",LTE,false,"2025-03-20T15:45:44.199Z","OnePlus AC2003",-113,-10,-85,12,,,,,,,,,,,,,,,525
222,10,33020,14860329,58048,41,438,14,-85,,43.30290998,12.33902640,3.79,10.01,304.1,297.52,"2025-03-22T14:29:51.999Z",LTE,false,"2025-03-20T15:45:44.199Z","OnePlus AC2003",-113,-10,-85,12,,,,,,,,,,,,,,,525
222,10,33020,14860329,58048,41,438,14,-85,,43.30315844,12.33855961,3.79,3.66,304.7,295.83,"2025-03-22T14:29:57.982Z",LTE,false,"2025-03-20T15:45:44.199Z","OnePlus AC2003",-113,-10,-85,12,,,,,,,,,,,,,,,525
222,10,33020,14860329,58048,41,438,16,-81,4,43.30355121,12.33891323,9.94,9.67,42.5,297.33,"2025-03-22T14:30:10.000Z",LTE,false,"2025-03-20T15:45:44.199Z","OnePlus AC2003",-111,-10,-81,12,,,,,,,,,,,,,,,525
222,10,33020,14860329,58048,41,438,16,-81,4,43.30388387,12.33932493,9.94,4.45,41.9,298.39,"2025-03-22T14:30:16.005Z",LTE,false,"2025-03-20T15:45:44.199Z","OnePlus AC2003",-111,-10,-81,12,,,,,,,,,,,,,,,525
222,10,33020,14860329,58048,41,438,14,-85,5,43.30397923,12.33988569,9.94,6.54,126.9,299.31,"2025-03-22T14:30:29.999Z",LTE,false,"2025-03-20T15:45:44.199Z","OnePlus AC2003",-119,-14,-85,12,,,,,,,,,,,,,,,525
222,10,33020,14860329,58048,41,438,18,-77,,43.30375537,12.34038944,3.79,9.63,116.2,299.93,"2025-03-22T14:30:35.988Z",LTE,false,"2025-03-20T15:45:44.199Z","OnePlus AC2003",-111,-13,-77,,,,,,,,,,,,,,,,525
222,10,33020,14860329,58048,41,438,18,-77,,43.30345001,12.34090862,3.79,8.71,125.5,299.04,"2025-03-22T14:30:41.978Z",LTE,false,"2025-03-20T15:45:44.199Z","OnePlus AC2003",-111,-13,-77,,,,,,,,,,,,,,,,525
222,10,33020,14860329,58048,41,438,16,-81,5,43.30316210,12.34146239,3.79,9.63,126.4,297.9,"2025-03-22T14:30:47.981Z",LTE,false,"2025-03-20T15:45:44.199Z","OnePlus AC2003",-113,-12,-81,,,,,,,,,,,,,,,,525
222,10,33020,14860329,58048,41,438,16,-81,5,43.30290049,12.34194900,3.79,8.69,127.4,296.7,"2025-03-22T14:30:52.985Z",LTE,false,"2025-03-20T15:45:44.199Z","OnePlus AC2003",-113,-12,-81,,,,,,,,,,,,,,,,525
222,10,33020,14860329,58048,41,438,18,-77,4,43.30263934,12.34248942,3.79,10.83,124.2,298.55,"2025-03-22T14:30:59.004Z",LTE,false,"2025-03-20T15:45:44.199Z","OnePlus AC2003",-110,-11,-77,3,,,,,,,,,,,,,,,525
222,10,33020,14860329,58048,41,438,18,-77,4,43.30237441,12.34298554,3.79,6.43,126.7,299.34,"2025-03-22T14:31:03.996Z",LTE,false,"2025-03-20T15:45:44.199Z","OnePlus AC2003",-110,-11,-77,3,,,,,,,,,,,,,,,525
222,10,33020,14860329,58048,41,438,20,-73,4,43.30194588,12.34275902,3.79,7.54,215,295.5,"2025-03-22T14:31:19.008Z",LTE,false,"2025-03-20T15:45:44.199Z","OnePlus AC2003",-102,-8,-73,3,,,,,,,,,,,,,,,525
222,10,33020,14860329,58048,41,438,20,-73,4,43.30157743,12.34238819,3.79,9.2,214.3,295.21,"2025-03-22T14:31:24.996Z",LTE,false,"2025-03-20T15:45:44.199Z","OnePlus AC2003",-102,-8,-73,3,,,,,,,,,,,,,,,525
222,10,33020,14860329,58048,41,438,20,-73,4,43.30122746,12.34205989,3.79,8.81,214.6,295.32,"2025-03-22T14:31:29.997Z",LTE,false,"2025-03-20T15:45:44.199Z","OnePlus AC2003",-102,-8,-73,3,,,,,,,,,,,,,,,525
222,10,33020,14860329,58048,41,438,23,-67,4,43.30080714,12.34214648,3.79,3.17,123.9,293.39,"2025-03-22T14:31:45.007Z",LTE,false,"2025-03-20T15:45:44.199Z","OnePlus AC2003",-97,-9,-67,3,,,,,,,,,,,,,,,525
222,10,33020,14860339,58048,51,252,26,-61,,43.30087138,12.34241197,38.92,0,0,297.63,"2025-03-22T14:33:15.011Z",LTE,false,"2025-03-20T18:27:43.471Z","OnePlus AC2003",-93,-10,-61,,,,,,,,,,,,,,,,3025
222,10,33020,14860339,58048,51,252,16,-81,3,43.30051267,12.34273274,3.79,6.28,124.5,296.54,"2025-03-22T14:37:39.003Z",LTE,false,"2025-03-20T18:27:43.471Z","OnePlus AC2003",-109,-8,-81,3,,,,,,,,,,,,,,,3025
222,10,33020,14860339,58048,51,252,27,-59,3,43.30077159,12.34324269,3.79,8.17,30.7,296.21,"2025-03-22T14:37:52.019Z",LTE,false,"2025-03-20T18:27:43.471Z","OnePlus AC2003",-94,-9,-59,3,,,,,,,,,,,,,,,3025
222,10,33020,14860339,58048,51,252,24,-65,3,43.30122999,12.34309327,3.79,9.37,323.7,296.34,"2025-03-22T14:37:58.009Z",LTE,false,"2025-03-20T18:27:43.471Z","OnePlus AC2003",-94,-8,-65,3,,,,,,,,,,,,,,,3025
222,10,33020,14860339,58048,51,252,24,-65,3,43.30150719,12.34259839,3.79,6.57,303.1,296.67,"2025-03-22T14:38:04.001Z",LTE,false,"2025-03-20T18:27:43.471Z","OnePlus AC2003",-94,-8,-65,3,,,,,,,,,,,,,,,3025
222,10,33020,14860339,58048,51,252,17,-79,3,43.30196998,12.34279976,3.79,10.25,36.6,296.51,"2025-03-22T14:38:14.001Z",LTE,false,"2025-03-20T18:27:43.471Z","OnePlus AC2003",-107,-8,-79,3,,,,,,,,,,,,,,,3025
222,10,33020,14860339,58048,51,252,19,-75,4,43.30223352,12.34322844,3.79,3.73,118.8,296.62,"2025-03-22T14:38:24.023Z",LTE,false,"2025-03-20T18:27:43.471Z","OnePlus AC2003",-109,-10,-75,3,,,,,,,,,,,,,,,3025
222,10,33020,14860339,58048,51,252,19,-75,4,43.30194664,12.34380910,3.79,12.57,126,298.18,"2025-03-22T14:38:30.014Z",LTE,false,"2025-03-20T18:27:43.471Z","OnePlus AC2003",-109,-10,-75,3,,,,,,,,,,,,,,,3025
222,10,33020,14860339,58048,51,252,27,-59,3,43.30168288,12.34431742,3.79,13.72,124.6,299.14,"2025-03-22T14:38:34.012Z",LTE,false,"2025-03-20T18:27:43.471Z","OnePlus AC2003",-86,-8,-59,3,,,,,,,,,,,,,,,3025
222,10,33020,14860339,58048,51,252,27,-59,3,43.30138947,12.34486353,3.79,14.31,126.3,300.13,"2025-03-22T14:38:38.023Z",LTE,false,"2025-03-20T18:27:43.471Z","OnePlus AC2003",-86,-8,-59,3,,,,,,,,,,,,,,,3025
222,10,33020,14860339,58048,51,252,27,-59,3,43.30106970,12.34544188,3.79,15.43,128.4,299.07,"2025-03-22T14:38:42.015Z",LTE,false,"2025-03-20T18:27:43.471Z","OnePlus AC2003",-86,-8,-59,3,,,,,,,,,,,,,,,3025
222,10,33020,14860339,58048,51,252,27,-59,3,43.30078069,12.34591398,3.79,17.1,130.9,298.41,"2025-03-22T14:38:45.001Z",LTE,false,"2025-03-20T18:27:43.471Z","OnePlus AC2003",-86,-8,-59,3,,,,,,,,,,,,,,,3025
222,10,33020,14860339,58048,51,252,27,-59,3,43.30048489,12.34639029,3.79,17.02,130.2,297.89,"2025-03-22T14:38:48.008Z",LTE,false,"2025-03-20T18:27:43.471Z","OnePlus AC2003",-86,-8,-59,3,,,,,,,,,,,,,,,3025
222,10,33020,14860339,58048,51,252,27,-59,3,43.30018545,12.34687963,3.79,17.86,131.2,297.79,"2025-03-22T14:38:51.018Z",LTE,false,"2025-03-20T18:27:43.471Z","OnePlus AC2003",-86,-8,-59,3,,,,,,,,,,,,,,,3025
222,10,33020,14860339,58048,51,252,28,-57,3,43.29986657,12.34738156,3.79,17.45,131.1,297.36,"2025-03-22T14:38:54.016Z",LTE,false,"2025-03-20T18:27:43.471Z","OnePlus AC2003",-91,-13,-57,3,,,,,,,,,,,,,,,3025
222,10,33020,14860339,58048,51,252,28,-57,3,43.29947780,12.34800853,3.79,16.28,131.1,297.66,"2025-03-22T14:38:58.029Z",LTE,false,"2025-03-20T18:27:43.471Z","OnePlus AC2003",-91,-13,-57,3,,,,,,,,,,,,,,,3025
222,10,33020,14860339,58048,51,252,28,-57,3,43.29919067,12.34845582,3.79,15.46,131.3,297.42,"2025-03-22T14:39:01.004Z",LTE,false,"2025-03-20T18:27:43.471Z","OnePlus AC2003",-91,-13,-57,3,,,,,,,,,,,,,,,3025
222,10,33020,14860340,58048,52,253,23,-67,4,43.29900720,12.34874596,3.79,15.25,131.1,297.08,"2025-03-22T14:39:03.567Z",LTE,false,"2025-03-22T14:39:03.567Z","OnePlus AC2003",-87,-8,-67,,,,,,,,,,,,,,,,3025
222,10,33020,14860340,58048,52,253,23,-67,4,43.29866761,12.34927685,3.79,13.99,130.8,296.34,"2025-03-22T14:39:07.006Z",LTE,false,"2025-03-22T14:39:03.567Z","OnePlus AC2003",-87,-8,-67,,,,,,,,,,,,,,,,3025
222,10,33020,14860340,58048,52,253,23,-67,4,43.29835309,12.34976263,3.79,12,130.4,295.69,"2025-03-22T14:39:10.981Z",LTE,false,"2025-03-22T14:39:03.567Z","OnePlus AC2003",-87,-8,-67,,,,,,,,,,,,,,,,3025
222,10,33020,14860340,58048,52,253,18,-77,4,43.29808179,12.35019230,3.79,10.59,131.5,295.73,"2025-03-22T14:39:14.983Z",LTE,false,"2025-03-22T14:39:03.567Z","OnePlus AC2003",-107,-8,-77,13,,,,,,,,,,,,,,,3025
222,10,33020,14860340,58048,52,253,18,-77,4,43.29777667,12.35060573,3.79,7.42,153.6,297.21,"2025-03-22T14:39:19.982Z",LTE,false,"2025-03-22T14:39:03.567Z","OnePlus AC2003",-107,-8,-77,13,,,,,,,,,,,,,,,3025
222,10,33020,14860340,58048,52,253,17,-79,4,43.29748111,12.35111396,3.79,9.8,98.5,296.68,"2025-03-22T14:39:28.005Z",LTE,false,"2025-03-22T14:39:03.567Z","OnePlus AC2003",-105,-7,-79,,,,,,,,,,,,,,,,3025
222,10,33020,14860340,58048,52,253,17,-79,4,43.29731778,12.35168735,3.79,8,113.2,298.66,"2025-03-22T14:39:33.000Z",LTE,false,"2025-03-22T14:39:03.567Z","OnePlus AC2003",-105,-7,-79,,,,,,,,,,,,,,,,3025
222,10,33020,14860340,58048,52,253,15,-83,5,43.29690757,12.35172269,5.23,0,0,292.68,"2025-03-22T14:40:17.997Z",LTE,false,"2025-03-22T14:39:03.567Z","OnePlus AC2003",-111,-8,-83,15,,,,,,,,,,,,,,,3025
222,10,33020,14860320,58048,32,138,23,-67,,43.29690744,12.35172430,4.57,0,0,292.95,"2025-03-22T14:40:53.492Z",LTE,false,"2025-03-22T14:40:53.492Z","OnePlus AC2003",-100,-10,-67,,,,,,,,,,,,,,,,1850
222,10,33020,14860340,58048,52,253,19,-75,5,43.29699096,12.35184382,3.79,0,0,298.92,"2025-03-22T14:42:20.051Z",LTE,false,"2025-03-22T14:39:03.567Z","OnePlus AC2003",-107,-10,-75,15,,,,,,,,,,,,,,,3025
222,10,30050,49362,,,,13,-87,1,43.29718466,12.35189642,3.79,0,0,297.73,"2025-03-22T14:42:50.276Z",GSM,false,"2025-03-22T14:42:50.276Z","OnePlus AC2003",,,-87,,,,,,,,,,,,,,,,42
222,10,33020,14860340,58048,52,253,20,-73,5,43.29722281,12.35188852,3.79,2.57,33.5,297.42,"2025-03-22T14:42:59.961Z",LTE,false,"2025-03-22T14:39:03.567Z","OnePlus AC2003",-103,-9,-73,20,,,,,,,,,,,,,,,3025
222,10,33020,14860340,58048,52,253,20,-73,5,43.29703572,12.35248153,3.79,6.5,115.2,302.53,"2025-03-22T14:43:08.985Z",LTE,false,"2025-03-22T14:39:03.567Z","OnePlus AC2003",-103,-9,-73,20,,,,,,,,,,,,,,,3025
222,10,33020,14860340,58048,52,253,18,-77,5,43.29677042,12.35305022,3.79,9.8,129.8,305.75,"2025-03-22T14:43:16.012Z",LTE,false,"2025-03-22T14:39:03.567Z","OnePlus AC2003",-101,-8,-77,17,,,,,,,,,,,,,,,3025
222,10,33020,14860340,58048,52,253,18,-77,5,43.29648238,12.35346772,3.79,12.77,134,304.24,"2025-03-22T14:43:19.998Z",LTE,false,"2025-03-22T14:39:03.567Z","OnePlus AC2003",-101,-8,-77,17,,,,,,,,,,,,,,,3025
222,10,30050,49362,,,,17,-79,3,43.29648238,12.35346772,3.79,12.77,134,304.24,"2025-03-22T14:43:20.094Z",GSM,false,"2025-03-22T14:42:50.276Z","OnePlus AC2003",,,-79,,,,,,,,,,,,,,,,42
222,10,30050,49362,,,,17,-79,3,43.29614964,12.35390371,3.79,13.38,137.3,300.1,"2025-03-22T14:43:24.005Z",GSM,false,"2025-03-22T14:42:50.276Z","OnePlus AC2003",,,-79,,,,,,,,,,,,,,,,42
222,10,30050,49362,,,,17,-79,3,43.29580466,12.35429245,3.79,11.94,146.4,297.1,"2025-03-22T14:43:28.013Z",GSM,false,"2025-03-22T14:42:50.276Z","OnePlus AC2003",,,-79,,,,,,,,,,,,,,,,42
222,10,30050,49362,,,,20,-73,3,43.29539004,12.35469853,3.79,12.32,143.7,296.31,"2025-03-22T14:43:33.006Z",GSM,false,"2025-03-22T14:42:50.276Z","OnePlus AC2003",,,-73,,,,,,,,,,,,,,,,42
222,10,30050,49362,,,,20,-73,3,43.29503127,12.35505758,3.79,13.44,145.2,295.16,"2025-03-22T14:43:37.007Z",GSM,false,"2025-03-22T14:42:50.276Z","OnePlus AC2003",,,-73,,,,,,,,,,,,,,,,42
222,10,30050,49362,,,,19,-75,2,43.29465179,12.35538930,3.79,11.12,151.7,294.44,"2025-03-22T14:43:41.010Z",GSM,false,"2025-03-22T14:42:50.276Z","OnePlus AC2003",,,-75,,,,,,,,,,,,,,,,42
222,10,30050,49362,,,,19,-75,2,43.29424437,12.35549176,3.79,11.59,186,292.72,"2025-03-22T14:43:45.006Z",GSM,false,"2025-03-22T14:42:50.276Z","OnePlus AC2003",,,-75,,,,,,,,,,,,,,,,42
222,10,30050,49362,,,,19,-75,2,43.29383813,12.35526122,3.79,13.08,217,291.11,"2025-03-22T14:43:49.009Z",GSM,false,"2025-03-22T14:42:50.276Z","OnePlus AC2003",,,-75,,,,,,,,,,,,,,,,42
222,10,30050,49362,,,,17,-79,3,43.29349220,12.35485532,3.79,12.89,219.6,288.41,"2025-03-22T14:43:52.999Z",GSM,false,"2025-03-22T14:42:50.276Z","OnePlus AC2003",,,-79,,,,,,,,,,,,,,,,42
222,10,30050,49362,,,,17,-79,3,43.29315664,12.35446344,3.79,11.06,221.3,287.78,"2025-03-22T14:43:57.010Z",GSM,false,"2025-03-22T14:42:50.276Z","OnePlus AC2003",,,-79,,,,,,,,,,,,,,,,42
222,10,30050,49362,,,,13,-87,2,43.29286567,12.35401012,3.79,6.43,210.4,286.51,"2025-03-22T14:44:03.001Z",GSM,false,"2025-03-22T14:42:50.276Z","OnePlus AC2003",,,-87,,,,,,,,,,,,,,,,42
222,10,30050,49362,,,,13,-87,2,43.29247430,12.35365002,3.79,10.3,221.3,287.09,"2025-03-22T14:44:09.005Z",GSM,false,"2025-03-22T14:42:50.276Z","OnePlus AC2003",,,-87,,,,,,,,,,,,,,,,42
222,10,30050,49362,,,,13,-87,2,43.29214824,12.35328361,3.79,11.87,219.7,287.25,"2025-03-22T14:44:12.992Z",GSM,false,"2025-03-22T14:42:50.276Z","OnePlus AC2003",,,-87,,,,,,,,,,,,,,,,42
222,10,30050,49362,,,,13,-87,2,43.29182176,12.35290617,3.79,11,220.5,286.61,"2025-03-22T14:44:16.996Z",GSM,false,"2025-03-22T14:42:50.276Z","OnePlus AC2003",,,-87,,,,,,,,,,,,,,,,42
222,10,33020,14860330,58048,42,321,24,-65,7,43.29168436,12.35273412,3.79,9.89,221.8,285.41,"2025-03-22T14:44:19.965Z",LTE,false,"2025-03-22T14:44:19.965Z","OnePlus AC2003",-99,-9,-65,,,,,,,,,,,,,,,,525
222,10,33020,14860330,58048,42,321,24,-65,7,43.29138583,12.35235106,3.79,0.51,221.9,283.38,"2025-03-22T14:44:27.991Z",LTE,false,"2025-03-22T14:44:19.965Z","OnePlus AC2003",-99,-9,-65,,,,,,,,,,,,,,,,525
222,10,33020,14860330,58048,42,321,21,-71,6,43.29104189,12.35273766,3.79,10.15,129.2,283.84,"2025-03-22T14:44:39.025Z",LTE,false,"2025-03-22T14:44:19.965Z","OnePlus AC2003",-101,-11,-71,15,,,,,,,,,,,,,,,525
222,10,33020,14860330,58048,42,321,21,-71,7,43.29076432,12.35318922,3.79,12.67,129.7,283.77,"2025-03-22T14:44:42.995Z",LTE,false,"2025-03-22T14:44:19.965Z","OnePlus AC2003",-100,-9,-71,,,,,,,,,,,,,,,,525
222,10,33020,14860330,58048,42,321,21,-71,7,43.29043355,12.35372320,3.79,15.53,130.5,283.88,"2025-03-22T14:44:46.999Z",LTE,false,"2025-03-22T14:44:19.965Z","OnePlus AC2003",-100,-9,-71,,,,,,,,,,,,,,,,525
222,10,33020,14860330,58048,42,321,21,-71,7,43.29016232,12.35415917,3.79,15.68,130.2,284.51,"2025-03-22T14:44:49.989Z",LTE,false,"2025-03-22T14:44:19.965Z","OnePlus AC2003",-100,-9,-71,,,,,,,,,,,,,,,,525
222,10,33020,14860330,58048,42,321,22,-69,7,43.28989005,12.35460613,3.79,15.33,130.3,284.76,"2025-03-22T14:44:52.992Z",LTE,false,"2025-03-22T14:44:19.965Z","OnePlus AC2003",-99,-9,-69,,,,,,,,,,,,,,,,525
222,10,33020,14860330,58048,42,321,22,-69,7,43.28955033,12.35515806,3.79,13.74,131.9,285.08,"2025-03-22T14:44:56.998Z",LTE,false,"2025-03-22T14:44:19.965Z","OnePlus AC2003",-99,-9,-69,,,,,,,,,,,,,,,,525
222,10,33020,14860330,58048,42,321,19,-75,8,43.28918814,12.35553057,3.79,11.79,155.7,285.1,"2025-03-22T14:45:00.997Z",LTE,false,"2025-03-22T14:44:19.965Z","OnePlus AC2003",-109,-12,-75,5,,,,,,,,,,,,,,,525
222,10,33020,14860330,58048,42,321,19,-75,8,43.28888770,12.35595107,3.79,12.84,125.7,284.72,"2025-03-22T14:45:04.996Z",LTE,false,"2025-03-22T14:44:19.965Z","OnePlus AC2003",-109,-12,-75,5,,,,,,,,,,,,,,,525
222,10,33020,14860330,58048,42,321,19,-75,8,43.28862524,12.35647336,3.79,12.43,124,285.36,"2025-03-22T14:45:08.995Z",LTE,false,"2025-03-22T14:44:19.965Z","OnePlus AC2003",-109,-12,-75,5,,,,,,,,,,,,,,,525
222,10,33020,14860330,58048,42,321,15,-83,9,43.28841418,12.35696433,3.79,11.3,115.3,284.85,"2025-03-22T14:45:12.994Z",LTE,false,"2025-03-22T14:44:19.965Z","OnePlus AC2003",-112,-10,-83,,,,,,,,,,,,,,,,525
222,10,33020,14860330,58048,42,321,15,-83,9,43.28827043,12.35749075,3.79,0.66,105.3,282.85,"2025-03-22T14:45:19.992Z",LTE,false,"2025-03-22T14:44:19.965Z","OnePlus AC2003",-112,-10,-83,,,,,,,,,,,,,,,,525
222,10,33020,14860330,58048,42,321,16,-81,10,43.28786682,12.35767142,3.79,10.16,229.1,277.4,"2025-03-22T14:46:56.001Z",LTE,false,"2025-03-22T14:44:19.965Z","OnePlus AC2003",-107,-8,-81,5,,,,,,,,,,,,,,,525
222,10,33020,14860330,58048,42,321,16,-81,10,43.28791954,12.35705998,3.79,11.22,318.4,280.48,"2025-03-22T14:47:01.996Z",LTE,false,"2025-03-22T14:44:19.965Z","OnePlus AC2003",-107,-8,-81,5,,,,,,,,,,,,,,,525
222,10,33020,14860330,58048,42,321,16,-81,10,43.28821122,12.35664476,3.79,12.26,312.8,282.5,"2025-03-22T14:47:06.000Z",LTE,false,"2025-03-22T14:44:19.965Z","OnePlus AC2003",-107,-8,-81,5,,,,,,,,,,,,,,,525
222,10,33020,14860330,58048,42,321,16,-81,10,43.28852321,12.35621167,3.79,11.07,314,283.21,"2025-03-22T14:47:09.987Z",LTE,false,"2025-03-22T14:44:19.965Z","OnePlus AC2003",-107,-8,-81,5,,,,,,,,,,,,,,,525
222,10,33020,14860320,58048,32,138,19,-75,,43.28852321,12.35621167,3.79,11.07,314,283.21,"2025-03-22T14:47:10.075Z",LTE,false,"2025-03-22T14:40:53.492Z","OnePlus AC2003",-107,-11,-75,,,,,,,,,,,,,,,,1850
222,10,33020,14860320,58048,32,138,19,-75,,43.28878262,12.35570623,3.79,9.66,286.8,283.01,"2025-03-22T14:47:15.003Z",LTE,false,"2025-03-22T14:40:53.492Z","OnePlus AC2003",-107,-11,-75,,,,,,,,,,,,,,,,1850
222,10,33020,14860320,58048,32,138,19,-75,,43.28855761,12.35520155,3.79,11.41,206.8,284.34,"2025-03-22T14:47:19.998Z",LTE,false,"2025-03-22T14:40:53.492Z","OnePlus AC2003",-107,-11,-75,,,,,,,,,,,,,,,,1850
222,10,33020,14860320,58048,32,138,13,-87,9,43.28824139,12.35475399,3.79,11.18,234.8,285.28,"2025-03-22T14:47:24.988Z",LTE,false,"2025-03-22T14:40:53.492Z","OnePlus AC2003",-120,-12,-87,,,,,,,,,,,,,,,,1850
222,10,33020,14860320,58048,32,138,13,-87,9,43.28797997,12.35426016,3.79,13.51,234.8,285.24,"2025-03-22T14:47:29.012Z",LTE,false,"2025-03-22T14:40:53.492Z","OnePlus AC2003",-120,-12,-87,,,,,,,,,,,,,,,,1850
222,10,33020,14860320,58048,32,138,19,-75,9,43.28769745,12.35370834,3.79,14.74,234.8,283.82,"2025-03-22T14:47:33.005Z",LTE,false,"2025-03-22T14:40:53.492Z","OnePlus AC2003",-110,-13,-75,,,,,,,,,,,,,,,,1850
222,10,33020,14860320,58048,32,138,19,-75,9,43.28737522,12.35309492,3.79,15.91,234.5,283.43,"2025-03-22T14:47:37.005Z",LTE,false,"2025-03-22T14:40:53.492Z","OnePlus AC2003",-110,-13,-75,,,,,,,,,,,,,,,,1850
222,10,33020,14860320,58048,32,138,19,-75,9,43.28713203,12.35261585,3.79,15.91,234.2,282.6,"2025-03-22T14:47:39.986Z",LTE,false,"2025-03-22T14:40:53.492Z","OnePlus AC2003",-110,-13,-75,,,,,,,,,,,,,,,,1850
222,10,33020,14860320,58048,32,138,19,-75,9,43.28687320,12.35213274,3.79,17.14,235.4,281.91,"2025-03-22T14:47:43.011Z",LTE,false,"2025-03-22T14:40:53.492Z","OnePlus AC2003",-110,-13,-75,,,,,,,,,,,,,,,,1850
222,10,33020,14860320,58048,32,138,19,-75,9,43.28661276,12.35162836,3.79,16.71,234.6,281.88,"2025-03-22T14:47:46.001Z",LTE,false,"2025-03-22T14:40:53.492Z","OnePlus AC2003",-110,-13,-75,,,,,,,,,,,,,,,,1850
222,10,33020,14860320,58048,32,138,19,-75,9,43.28635097,12.35114997,3.79,14.99,234.7,284.25,"2025-03-22T14:47:49.006Z",LTE,false,"2025-03-22T14:40:53.492Z","OnePlus AC2003",-110,-13,-75,,,,,,,,,,,,,,,,1850
222,10,33020,14860320,58048,32,138,17,-79,9,43.28610129,12.35065731,3.79,8.53,234.5,286.43,"2025-03-22T14:47:53.001Z",LTE,false,"2025-03-22T14:40:53.492Z","OnePlus AC2003",-111,-11,-79,,,,,,,,,,,,,,,,1850
222,10,33020,14860320,58048,32,138,17,-79,9,43.28564409,12.35075475,3.79,9.4,138,289.98,"2025-03-22T14:48:04.000Z",LTE,false,"2025-03-22T14:40:53.492Z","OnePlus AC2003",-111,-11,-79,,,,,,,,,,,,,,,,1850
222,10,33020,14860320,58048,32,138,17,-79,9,43.28546391,12.35128092,3.79,9.24,97.8,290.4,"2025-03-22T14:48:09.007Z",LTE,false,"2025-03-22T14:40:53.492Z","OnePlus AC2003",-111,-11,-79,,,,,,,,,,,,,,,,1850
222,10,33020,14860320,58048,32,138,22,-69,9,43.28512365,12.35178802,3.79,12.32,141.3,289.03,"2025-03-22T14:48:14.006Z",LTE,false,"2025-03-22T14:40:53.492Z","OnePlus AC2003",-99,-8,-69,,,,,,,,,,,,,,,,1850
222,10,33020,14860320,58048,32,138,22,-69,9,43.28479345,12.35231829,3.79,15.4,123.1,288.09,"2025-03-22T14:48:18.007Z",LTE,false,"2025-03-22T14:40:53.492Z","OnePlus AC2003",-99,-8,-69,,,,,,,,,,,,,,,,1850
222,10,33020,14860320,58048,32,138,20,-73,11,43.28409772,12.35431572,3.79,13.31,109,282.1,"2025-03-22T14:48:30.108Z",LTE,false,"2025-03-22T14:40:53.492Z","OnePlus AC2003",-104,-9,-73,,,,,,,,,,,,,,,,1850
222,10,33020,14860320,58048,32,138,20,-73,11,43.28406241,12.35494683,3.79,12.61,90.1,280.69,"2025-03-22T14:48:34.006Z",LTE,false,"2025-03-22T14:40:53.492Z","OnePlus AC2003",-104,-9,-73,,,,,,,,,,,,,,,,1850
222,10,33020,14860320,58048,32,138,20,-73,11,43.28409689,12.35553068,3.79,11.36,85.4,278.36,"2025-03-22T14:48:37.991Z",LTE,false,"2025-03-22T14:40:53.492Z","OnePlus AC2003",-104,-9,-73,,,,,,,,,,,,,,,,1850
222,10,33020,14860320,58048,32,138,20,-73,11,43.28413281,12.35612386,3.79,8.34,76.8,276.33,"2025-03-22T14:48:43.009Z",LTE,false,"2025-03-22T14:40:53.492Z","OnePlus AC2003",-104,-9,-73,,,,,,,,,,,,,,,,1850
222,10,33020,14860320,58048,32,138,21,-71,11,43.28411079,12.35543819,3.79,11.16,264.1,277.97,"2025-03-22T14:49:09.989Z",LTE,false,"2025-03-22T14:40:53.492Z","OnePlus AC2003",-103,-9,-71,,,,,,,,,,,,,,,,1850
222,10,33020,14860320,58048,32,138,21,-71,11,43.28406784,12.35482543,3.79,12.97,268.2,279.84,"2025-03-22T14:49:13.996Z",LTE,false,"2025-03-22T14:40:53.492Z","OnePlus AC2003",-103,-9,-71,,,,,,,,,,,,,,,,1850
222,10,33020,14860320,58048,32,138,21,-71,11,43.28414218,12.35415558,3.79,14.85,288.4,280.89,"2025-03-22T14:49:18.003Z",LTE,false,"2025-03-22T14:40:53.492Z","OnePlus AC2003",-103,-9,-71,,,,,,,,,,,,,,,,1850
222,10,33020,14860320,58048,32,138,25,-63,11,43.28433580,12.35346760,3.79,15.15,292.1,283.41,"2025-03-22T14:49:22.008Z",LTE,false,"2025-03-22T14:40:53.492Z","OnePlus AC2003",-94,-8,-63,,,,,,,,,,,,,,,,1850
222,10,33020,14860320,58048,32,138,25,-63,11,43.28452698,12.35294704,3.79,16.27,300.1,286.22,"2025-03-22T14:49:25.004Z",LTE,false,"2025-03-22T14:40:53.492Z","OnePlus AC2003",-94,-8,-63,,,,,,,,,,,,,,,,1850
222,10,33020,14860320,58048,32,138,25,-63,11,43.28475845,12.35241748,3.79,16.62,303.2,287.29,"2025-03-22T14:49:28.011Z",LTE,false,"2025-03-22T14:40:53.492Z","OnePlus AC2003",-94,-8,-63,,,,,,,,,,,,,,,,1850
222,10,33020,14860320,58048,32,138,17,-79,10,43.28503317,12.35191668,3.79,16.63,313.1,288.44,"2025-03-22T14:49:30.999Z",LTE,false,"2025-03-22T14:40:53.492Z","OnePlus AC2003",-109,-10,-79,,,,,,,,,,,,,,,,1850
222,10,33020,14860320,58048,32,138,17,-79,10,43.28541818,12.35143748,3.79,12.93,304.7,289.8,"2025-03-22T14:49:35.005Z",LTE,false,"2025-03-22T14:40:53.492Z","OnePlus AC2003",-109,-10,-79,,,,,,,,,,,,,,,,1850
222,10,33020,14860320,58048,32,138,17,-79,10,43.28557351,12.35089737,3.79,11.72,305.4,287.84,"2025-03-22T14:49:39.010Z",LTE,false,"2025-03-22T14:40:53.492Z","OnePlus AC2003",-109,-10,-79,,,,,,,,,,,,,,,,1850
222,10,33020,14860320,58048,32,138,17,-79,10,43.28592608,12.35042657,3.79,14.85,317,286.1,"2025-03-22T14:49:43.010Z",LTE,false,"2025-03-22T14:40:53.492Z","OnePlus AC2003",-109,-10,-79,,,,,,,,,,,,,,,,1850
222,10,33020,14860320,58048,32,138,17,-79,10,43.28619415,12.35000015,3.79,15.28,305.3,285.93,"2025-03-22T14:49:46.010Z",LTE,false,"2025-03-22T14:40:53.492Z","OnePlus AC2003",-109,-10,-79,,,,,,,,,,,,,,,,1850
222,10,33020,14860320,58048,32,138,17,-79,10,43.28643424,12.34952245,3.79,16.16,302.1,286.33,"2025-03-22T14:49:48.987Z",LTE,false,"2025-03-22T14:40:53.492Z","OnePlus AC2003",-109,-10,-79,,,,,,,,,,,,,,,,1850
222,10,33020,14860320,58048,32,138,26,-61,,43.28668291,12.34896562,3.79,17.66,303.6,284.34,"2025-03-22T14:49:51.979Z",LTE,false,"2025-03-22T14:40:53.492Z","OnePlus AC2003",-91,-9,-61,14,,,,,,,,,,,,,,,1850
222,10,33020,14860320,58048,32,138,26,-61,,43.28693354,12.34840096,3.79,17.72,301.5,283.96,"2025-03-22T14:49:54.981Z",LTE,false,"2025-03-22T14:40:53.492Z","OnePlus AC2003",-91,-9,-61,14,,,,,,,,,,,,,,,1850
222,10,33020,14860320,58048,32,138,26,-61,,43.28720301,12.34785976,3.79,18.5,307.8,283.93,"2025-03-22T14:49:57.982Z",LTE,false,"2025-03-22T14:40:53.492Z","OnePlus AC2003",-91,-9,-61,14,,,,,,,,,,,,,,,1850
222,10,33020,14860320,58048,32,138,25,-63,7,43.28754001,12.34737593,3.79,18.94,321.2,284.35,"2025-03-22T14:50:00.991Z",LTE,false,"2025-03-22T14:40:53.492Z","OnePlus AC2003",-94,-8,-63,11,,,,,,,,,,,,,,,1850
222,10,33020,14860320,58048,32,138,25,-63,7,43.28790572,12.34691166,3.79,18.87,316.7,284.98,"2025-03-22T14:50:04.002Z",LTE,false,"2025-03-22T14:40:53.492Z","OnePlus AC2003",-94,-8,-63,11,,,,,,,,,,,,,,,1850
222,10,33020,14860320,58048,32,138,25,-63,7,43.28826878,12.34641578,3.79,18.95,311.4,285.45,"2025-03-22T14:50:06.996Z",LTE,false,"2025-03-22T14:40:53.492Z","OnePlus AC2003",-94,-8,-63,11,,,,,,,,,,,,,,,1850
222,10,33020,14860320,58048,32,138,25,-63,7,43.28852393,12.34579915,3.79,19.59,288.2,286.08,"2025-03-22T14:50:10.003Z",LTE,false,"2025-03-22T14:40:53.492Z","OnePlus AC2003",-94,-8,-63,11,,,,,,,,,,,,,,,1850
222,10,33020,14860320,58048,32,138,28,-57,7,43.28863916,12.34509584,3.79,19.33,280.1,287.9,"2025-03-22T14:50:13.001Z",LTE,false,"2025-03-22T14:40:53.492Z","OnePlus AC2003",-89,-8,-57,11,,,,,,,,,,,,,,,1850
222,10,33020,14860320,58048,32,138,28,-57,7,43.28872671,12.34438041,3.79,19.36,281.5,288.78,"2025-03-22T14:50:15.989Z",LTE,false,"2025-03-22T14:40:53.492Z","OnePlus AC2003",-89,-8,-57,11,,,,,,,,,,,,,,,1850
222,10,33020,14860320,58048,32,138,28,-57,7,43.28887410,12.34369527,3.79,19.27,288.7,290.49,"2025-03-22T14:50:19.007Z",LTE,false,"2025-03-22T14:40:53.492Z","OnePlus AC2003",-89,-8,-57,11,,,,,,,,,,,,,,,1850
222,10,33020,14860320,58048,32,138,28,-57,7,43.28915774,12.34309337,3.79,19.48,304.6,291.48,"2025-03-22T14:50:22.000Z",LTE,false,"2025-03-22T14:40:53.492Z","OnePlus AC2003",-89,-8,-57,11,,,,,,,,,,,,,,,1850
222,10,33020,14860320,58048,32,138,28,-57,7,43.28945017,12.34250307,3.79,19.83,304.3,293.37,"2025-03-22T14:50:25.012Z",LTE,false,"2025-03-22T14:40:53.492Z","OnePlus AC2003",-89,-8,-57,11,,,,,,,,,,,,,,,1850
222,10,33020,14860320,58048,32,138,28,-57,7,43.28974562,12.34187981,3.79,20.24,302.8,293.42,"2025-03-22T14:50:28.002Z",LTE,false,"2025-03-22T14:40:53.492Z","OnePlus AC2003",-89,-8,-57,11,,,,,,,,,,,,,,,1850
222,10,33020,14860320,58048,32,138,25,-63,4,43.29010105,12.34129985,3.79,20.53,319.1,293.73,"2025-03-22T14:50:31.001Z",LTE,false,"2025-03-22T14:40:53.492Z","OnePlus AC2003",-93,-10,-63,11,,,,,,,,,,,,,,,1850
222,10,33020,14860320,58048,32,138,25,-63,4,43.29054230,12.34083379,3.79,21.15,326.8,294.99,"2025-03-22T14:50:34.003Z",LTE,false,"2025-03-22T14:40:53.492Z","OnePlus AC2003",-93,-10,-63,11,,,,,,,,,,,,,,,1850
222,10,33020,14860320,58048,32,138,25,-63,4,43.29102124,12.34037991,3.79,21.99,320.5,295.66,"2025-03-22T14:50:37.004Z",LTE,false,"2025-03-22T14:40:53.492Z","OnePlus AC2003",-93,-10,-63,11,,,,,,,,,,,,,,,1850
222,10,33020,14860320,58048,32,138,25,-63,4,43.29144735,12.33978264,3.79,23.27,308.1,294.83,"2025-03-22T14:50:40.000Z",LTE,false,"2025-03-22T14:40:53.492Z","OnePlus AC2003",-93,-10,-63,11,,,,,,,,,,,,,,,1850
222,10,33020,14988576,58549,32,184,24,-65,12,43.29144735,12.33978264,3.79,23.27,308.1,294.83,"2025-03-22T14:50:40.092Z",LTE,false,"2025-03-20T18:34:04.832Z","OnePlus AC2003",-102,-13,-65,,,,,,,,,,,,,,,,1850
222,10,33020,14988576,58549,32,184,24,-65,12,43.29184342,12.33915218,3.79,22.3,309.9,293.49,"2025-03-22T14:50:43.012Z",LTE,false,"2025-03-20T18:34:04.832Z","OnePlus AC2003",-102,-13,-65,,,,,,,,,,,,,,,,1850
222,10,33020,14988576,58549,32,184,24,-65,12,43.29223100,12.33851527,3.79,22.74,310,293.35,"2025-03-22T14:50:46.002Z",LTE,false,"2025-03-20T18:34:04.832Z","OnePlus AC2003",-102,-13,-65,,,,,,,,,,,,,,,,1850
222,10,33020,14988576,58549,32,184,24,-65,12,43.29250325,12.33807911,3.79,23.15,310.7,292.34,"2025-03-22T14:50:48.004Z",LTE,false,"2025-03-20T18:34:04.832Z","OnePlus AC2003",-102,-13,-65,,,,,,,,,,,,,,,,1850
222,10,33020,14988576,58549,32,184,24,-65,12,43.29277576,12.33763864,3.79,23.36,310.1,291.51,"2025-03-22T14:50:49.993Z",LTE,false,"2025-03-20T18:34:04.832Z","OnePlus AC2003",-102,-13,-65,,,,,,,,,,,,,,,,1850
222,10,33020,14988576,58549,32,184,24,-65,12,43.29305132,12.33719754,3.79,23.27,310.7,291.06,"2025-03-22T14:50:52.004Z",LTE,false,"2025-03-20T18:34:04.832Z","OnePlus AC2003",-102,-13,-65,,,,,,,,,,,,,,,,1850
222,10,33020,14988576,58549,32,184,24,-65,12,43.29343304,12.33655967,3.79,21.84,306.8,291.03,"2025-03-22T14:50:55.002Z",LTE,false,"2025-03-20T18:34:04.832Z","OnePlus AC2003",-102,-13,-65,,,,,,,,,,,,,,,,1850
222,10,33020,14988576,58549,32,184,24,-65,12,43.29375489,12.33587259,3.79,22.08,302.1,291.77,"2025-03-22T14:50:58.003Z",LTE,false,"2025-03-20T18:34:04.832Z","OnePlus AC2003",-102,-13,-65,,,,,,,,,,,,,,,,1850
222,10,33020,14860321,58048,33,139,24,-65,,43.29396439,12.33541200,3.79,21.75,301.7,292.81,"2025-03-22T14:51:00.140Z",LTE,false,"2025-03-22T11:23:22.981Z","OnePlus AC2003",-92,-7,-65,,,,,,,,,,,,,,,,1850
222,10,33020,14860321,58048,33,139,24,-65,,43.29427607,12.33474140,3.79,21.98,302.3,291.53,"2025-03-22T14:51:03.004Z",LTE,false,"2025-03-22T11:23:22.981Z","OnePlus AC2003",-92,-7,-65,,,,,,,,,,,,,,,,1850
222,10,33020,14860321,58048,33,139,24,-65,,43.29458765,12.33406321,3.79,21.8,299.3,290.96,"2025-03-22T14:51:06.017Z",LTE,false,"2025-03-22T11:23:22.981Z","OnePlus AC2003",-92,-7,-65,,,,,,,,,,,,,,,,1850
222,10,33020,14860321,58048,33,139,24,-65,,43.29480113,12.33329977,3.79,22.61,287.1,290.59,"2025-03-22T14:51:09.010Z",LTE,false,"2025-03-22T11:23:22.981Z","OnePlus AC2003",-92,-7,-65,,,,,,,,,,,,,,,,1850
222,10,33020,14860321,58048,33,139,24,-65,,43.29497857,12.33251546,3.79,21.64,288,290.49,"2025-03-22T14:51:12.009Z",LTE,false,"2025-03-22T11:23:22.981Z","OnePlus AC2003",-92,-7,-65,,,,,,,,,,,,,,,,1850
222,10,33020,14860321,58048,33,139,24,-65,,43.29505220,12.33174360,3.79,20.74,265.5,290.45,"2025-03-22T14:51:15.012Z",LTE,false,"2025-03-22T11:23:22.981Z","OnePlus AC2003",-92,-7,-65,,,,,,,,,,,,,,,,1850
222,10,33020,14860321,58048,33,139,24,-65,,43.29494894,12.33098963,3.79,20.44,257.2,291.13,"2025-03-22T14:51:18.005Z",LTE,false,"2025-03-22T11:23:22.981Z","OnePlus AC2003",-92,-7,-65,,,,,,,,,,,,,,,,1850
222,10,33020,14860321,58048,33,139,29,-55,4,43.29484787,12.33029328,3.79,17.51,261,291.01,"2025-03-22T14:51:20.999Z",LTE,false,"2025-03-22T11:23:22.981Z","OnePlus AC2003",-90,-11,-55,,,,,,,,,,,,,,,,1850
222,10,33020,14860321,58048,33,139,29,-55,4,43.29491121,12.32969562,3.79,16.1,293.6,291.57,"2025-03-22T14:51:23.998Z",LTE,false,"2025-03-22T11:23:22.981Z","OnePlus AC2003",-90,-11,-55,,,,,,,,,,,,,,,,1850
222,10,33020,14860321,58048,33,139,29,-55,4,43.29509454,12.32913931,3.79,17.12,296.2,291.55,"2025-03-22T14:51:27.002Z",LTE,false,"2025-03-22T11:23:22.981Z","OnePlus AC2003",-90,-11,-55,,,,,,,,,,,,,,,,1850
222,10,33020,14860321,58048,33,139,29,-55,4,43.29528469,12.32858922,3.79,15.66,294.9,291.1,"2025-03-22T14:51:29.987Z",LTE,false,"2025-03-22T11:23:22.981Z","OnePlus AC2003",-90,-11,-55,,,,,,,,,,,,,,,,1850
222,10,33020,14860321,58048,33,139,24,-65,,43.29553222,12.32793926,3.79,14.61,306.1,291.03,"2025-03-22T14:51:34.009Z",LTE,false,"2025-03-22T11:23:22.981Z","OnePlus AC2003",-92,-8,-65,,,,,,,,,,,,,,,,1850
222,10,33020,14860321,58048,33,139,24,-65,,43.29584789,12.32757410,3.79,16.08,328.7,291.4,"2025-03-22T14:51:36.993Z",LTE,false,"2025-03-22T11:23:22.981Z","OnePlus AC2003",-92,-8,-65,,,,,,,,,,,,,,,,1850
222,10,33020,14860321,58048,33,139,24,-65,,43.29622972,12.32726340,3.79,16.84,331.2,292.35,"2025-03-22T14:51:39.996Z",LTE,false,"2025-03-22T11:23:22.981Z","OnePlus AC2003",-92,-8,-65,,,,,,,,,,,,,,,,1850
222,10,33020,14860321,58048,33,139,27,-59,,43.29664692,12.32694777,3.79,17.16,329.4,293,"2025-03-22T14:51:43.004Z",LTE,false,"2025-03-22T11:23:22.981Z","OnePlus AC2003",-89,-9,-59,,,,,,,,,,,,,,,,1850
222,10,33020,14860321,58048,33,139,27,-59,,43.29707727,12.32662053,3.79,18.52,331.3,293.17,"2025-03-22T14:51:46.004Z",LTE,false,"2025-03-22T11:23:22.981Z","OnePlus AC2003",-89,-9,-59,,,,,,,,,,,,,,,,1850
222,10,33020,14860321,58048,33,139,27,-59,,43.29751769,12.32626775,3.79,19.18,329,292.72,"2025-03-22T14:51:48.989Z",LTE,false,"2025-03-22T11:23:22.981Z","OnePlus AC2003",-89,-9,-59,,,,,,,,,,,,,,,,1850
222,10,33020,14860321,58048,33,139,27,-59,,43.29766633,12.32614986,3.79,19.21,329.5,292.74,"2025-03-22T14:51:50.047Z",LTE,false,"2025-03-22T11:23:22.981Z","OnePlus AC2003",-89,-9,-59,,,,,,,,,,,,,,,,1850
222,10,30050,49363,,,,,,,43.29766633,12.32614986,3.79,19.21,329.5,292.74,"2025-03-22T14:51:50.047Z",GSM,false,"2025-03-22T14:51:50.047Z","OnePlus AC2003",,,,,,,,,,,,,,,,,,,34
222,10,33020,14860321,58048,33,139,27,-59,,43.29811869,12.32578698,3.79,19.48,329.7,293.03,"2025-03-22T14:51:52.989Z",LTE,false,"2025-03-22T11:23:22.981Z","OnePlus AC2003",-89,-9,-59,,,,,,,,,,,,,,,,1850
222,10,30050,49363,,,,,,,43.29811869,12.32578698,3.79,19.48,329.7,293.03,"2025-03-22T14:51:52.989Z",GSM,false,"2025-03-22T14:51:50.047Z","OnePlus AC2003",,,,,,,,,,,,,,,,,,,34
222,10,33020,14860321,58048,33,139,27,-59,,43.29858814,12.32542732,3.79,20.24,330.6,292.68,"2025-03-22T14:51:56.002Z",LTE,false,"2025-03-22T11:23:22.981Z","OnePlus AC2003",-89,-9,-59,,,,,,,,,,,,,,,,1850
222,10,30050,49363,,,,,,,43.29858814,12.32542732,3.79,20.24,330.6,292.68,"2025-03-22T14:51:56.002Z",GSM,false,"2025-03-22T14:51:50.047Z","OnePlus AC2003",,,,,,,,,,,,,,,,,,,34
222,10,33020,14860321,58048,33,139,27,-59,,43.29907599,12.32504461,3.79,20.69,330.2,293.08,"2025-03-22T14:51:59.008Z",LTE,false,"2025-03-22T11:23:22.981Z","OnePlus AC2003",-89,-9,-59,,,,,,,,,,,,,,,,1850
222,10,30050,49363,,,,,,,43.29907599,12.32504461,3.79,20.69,330.2,293.08,"2025-03-22T14:51:59.008Z",GSM,false,"2025-03-22T14:51:50.047Z","OnePlus AC2003",,,,,,,,,,,,,,,,,,,34
222,10,30050,49363,,,,18,-77,3,43.29956165,12.32466695,3.79,20.04,330.5,294.15,"2025-03-22T14:52:02.008Z",GSM,false,"2025-03-22T14:51:50.047Z","OnePlus AC2003",,,-77,,,,,,,,,,,,,,,,34
222,10,30050,49363,,,,18,-77,3,43.30002995,12.32430277,3.79,19.91,329.7,294.81,"2025-03-22T14:52:05.004Z",GSM,false,"2025-03-22T14:51:50.047Z","OnePlus AC2003",,,-77,,,,,,,,,,,,,,,,34
222,10,30050,49363,,,,18,-77,3,43.30047731,12.32394941,3.79,18.79,331.5,294.35,"2025-03-22T14:52:08.005Z",GSM,false,"2025-03-22T14:51:50.047Z","OnePlus AC2003",,,-77,,,,,,,,,,,,,,,,34
222,10,30050,49363,,,,18,-77,3,43.30093170,12.32367090,3.79,19.05,340.1,292.83,"2025-03-22T14:52:11.004Z",GSM,false,"2025-03-22T14:51:50.047Z","OnePlus AC2003",,,-77,,,,,,,,,,,,,,,,34
222,10,30050,49363,,,,18,-77,3,43.30139576,12.32342035,3.79,17.82,338.3,291.66,"2025-03-22T14:52:14.008Z",GSM,false,"2025-03-22T14:51:50.047Z","OnePlus AC2003",,,-77,,,,,,,,,,,,,,,,34
222,10,30050,49363,,,,18,-77,3,43.30185693,12.32320342,3.79,18.31,343.4,290.79,"2025-03-22T14:52:17.000Z",GSM,false,"2025-03-22T14:51:50.047Z","OnePlus AC2003",,,-77,,,,,,,,,,,,,,,,34
222,10,30050,49363,,,,18,-77,3,43.30234220,12.32305521,3.79,19.18,350.4,288.49,"2025-03-22T14:52:19.998Z",GSM,false,"2025-03-22T14:51:50.047Z","OnePlus AC2003",,,-77,,,,,,,,,,,,,,,,34
222,10,30050,49363,,,,11,-91,3,43.30284156,12.32296716,3.79,18.17,355.1,286.79,"2025-03-22T14:52:23.006Z",GSM,false,"2025-03-22T14:51:50.047Z","OnePlus AC2003",,,-91,,,,,,,,,,,,,,,,34
222,10,30050,49363,,,,11,-91,3,43.30332769,12.32300526,3.79,17.81,9.9,286.95,"2025-03-22T14:52:26.009Z",GSM,false,"2025-03-22T14:51:50.047Z","OnePlus AC2003",,,-91,,,,,,,,,,,,,,,,34
222,10,30050,49363,,,,11,-91,3,43.30380226,12.32311038,3.79,17.46,9.1,288.44,"2025-03-22T14:52:29.000Z",GSM,false,"2025-03-22T14:51:50.047Z","OnePlus AC2003",,,-91,,,,,,,,,,,,,,,,34
222,10,30050,49363,,,,11,-91,3,43.30424870,12.32321518,3.79,16.59,9.5,289.17,"2025-03-22T14:52:32.004Z",GSM,false,"2025-03-22T14:51:50.047Z","OnePlus AC2003",,,-91,,,,,,,,,,,,,,,,34
222,10,30050,49363,,,,11,-91,3,43.30469838,12.32332926,3.79,17.04,9.9,288.64,"2025-03-22T14:52:34.998Z",GSM,false,"2025-03-22T14:51:50.047Z","OnePlus AC2003",,,-91,,,,,,,,,,,,,,,,34
222,10,30050,49363,,,,11,-91,3,43.30510503,12.32343110,3.79,11.63,9.2,288.4,"2025-03-22T14:52:37.984Z",GSM,false,"2025-03-22T14:51:50.047Z","OnePlus AC2003",,,-91,,,,,,,,,,,,,,,,34
222,10,33020,14988557,58549,13,94,25,-63,2,43.30526521,12.32346326,3.79,7.02,5,288.41,"2025-03-22T14:52:40.106Z",LTE,false,"2025-03-22T14:52:40.106Z","OnePlus AC2003",-88,-8,-63,14,,,,,,,,,,,,,,,6400
222,10,33020,14988557,58549,13,94,28,-57,1,43.30551787,12.32392117,3.79,8.65,89.2,290.84,"2025-03-22T14:52:51.990Z",LTE,false,"2025-03-22T14:52:40.106Z","OnePlus AC2003",-81,-8,-57,14,,,,,,,,,,,,,,,6400
222,10,33020,14988557,58549,13,94,28,-57,1,43.30552977,12.32459154,3.79,13.03,88.2,290.8,"2025-03-22T14:52:57.003Z",LTE,false,"2025-03-22T14:52:40.106Z","OnePlus AC2003",-81,-8,-57,14,,,,,,,,,,,,,,,6400
222,10,33020,14988557,58549,13,94,28,-57,1,43.30556211,12.32524797,3.79,14.75,85.6,291.38,"2025-03-22T14:53:00.998Z",LTE,false,"2025-03-22T14:52:40.106Z","OnePlus AC2003",-81,-8,-57,14,,,,,,,,,,,,,,,6400
222,10,33020,14988557,58549,13,94,28,-57,1,43.30559986,12.32596368,3.79,13.33,86.9,291.97,"2025-03-22T14:53:04.999Z",LTE,false,"2025-03-22T14:52:40.106Z","OnePlus AC2003",-81,-8,-57,14,,,,,,,,,,,,,,,6400
222,10,33020,14988557,58549,13,94,28,-57,1,43.30561029,12.32665234,3.79,14.44,88.6,291.06,"2025-03-22T14:53:09.003Z",LTE,false,"2025-03-22T14:52:40.106Z","OnePlus AC2003",-81,-8,-57,14,,,,,,,,,,,,,,,6400
222,10,33020,14988557,58549,13,94,31,-51,1,43.30560060,12.32723732,3.79,9.91,89.5,293.19,"2025-03-22T14:53:13.001Z",LTE,false,"2025-03-22T14:52:40.106Z","OnePlus AC2003",-83,-11,-51,14,,,,,,,,,,,,,,,6400
222,10,33020,14988557,58549,13,94,31,-51,1,43.30557932,12.32784777,3.79,7.27,100.5,292.27,"2025-03-22T14:53:19.993Z",LTE,false,"2025-03-22T14:52:40.106Z","OnePlus AC2003",-83,-11,-51,14,,,,,,,,,,,,,,,6400
222,10,33020,14988557,58549,13,94,31,-51,1,43.30556876,12.32840813,3.79,8.02,83.5,294.48,"2025-03-22T14:53:25.996Z",LTE,false,"2025-03-22T14:52:40.106Z","OnePlus AC2003",-83,-11,-51,14,,,,,,,,,,,,,,,6400
222,10,33020,14988576,58549,32,184,31,-51,0,43.30559742,12.32877874,3.79,8.17,86.6,294.1,"2025-03-22T14:53:30.113Z",LTE,false,"2025-03-20T18:34:04.832Z","OnePlus AC2003",-82,-9,-51,,,,,,,,,,,,,,,,1850
222,10,33020,14988576,58549,32,184,31,-51,0,43.30538904,12.32928759,3.79,9.91,129.4,292.45,"2025-03-22T14:53:35.994Z",LTE,false,"2025-03-20T18:34:04.832Z","OnePlus AC2003",-82,-9,-51,,,,,,,,,,,,,,,,1850
222,10,33020,14988576,58549,32,184,30,-53,1,43.30513137,12.32974289,3.79,9.47,124.7,292.79,"2025-03-22T14:53:40.988Z",LTE,false,"2025-03-20T18:34:04.832Z","OnePlus AC2003",-86,-10,-53,11,,,,,,,,,,,,,,,1850
222,10,33020,14988576,58549,32,184,30,-53,1,43.30485197,12.33019347,3.79,8.87,128.3,292.54,"2025-03-22T14:53:46.994Z",LTE,false,"2025-03-20T18:34:04.832Z","OnePlus AC2003",-86,-10,-53,11,,,,,,,,,,,,,,,1850
222,10,33020,14988576,58549,32,184,26,-61,2,43.30457993,12.33066638,3.79,9.75,127.5,290.46,"2025-03-22T14:53:53.003Z",LTE,false,"2025-03-20T18:34:04.832Z","OnePlus AC2003",-87,-10,-61,11,,,,,,,,,,,,,,,1850
222,10,33020,14988576,58549,32,184,26,-61,2,43.30427606,12.33116214,3.79,7.85,135.5,291.47,"2025-03-22T14:54:02.007Z",LTE,false,"2025-03-20T18:34:04.832Z","OnePlus AC2003",-87,-10,-61,11,,,,,,,,,,,,,,,1850
222,10,33020,14988576,58549,32,184,26,-61,2,43.30398414,12.33163011,3.79,12.21,130.6,292.24,"2025-03-22T14:54:07.008Z",LTE,false,"2025-03-20T18:34:04.832Z","OnePlus AC2003",-87,-10,-61,11,,,,,,,,,,,,,,,1850
222,10,33020,14988576,58549,32,184,29,-55,3,43.30369390,12.33209257,3.79,11.05,130.3,292.97,"2025-03-22T14:54:10.995Z",LTE,false,"2025-03-20T18:34:04.832Z","OnePlus AC2003",-89,-12,-55,11,,,,,,,,,,,,,,,1850
222,10,33020,14988576,58549,32,184,29,-55,3,43.30338557,12.33258127,3.79,10.51,129.9,293.95,"2025-03-22T14:54:16.008Z",LTE,false,"2025-03-20T18:34:04.832Z","OnePlus AC2003",-89,-12,-55,11,,,,,,,,,,,,,,,1850
222,10,33020,14988576,58549,32,184,27,-59,3,43.30306437,12.33312451,3.79,12.15,129.5,294.39,"2025-03-22T14:54:20.999Z",LTE,false,"2025-03-20T18:34:04.832Z","OnePlus AC2003",-92,-12,-59,11,,,,,,,,,,,,,,,1850
222,10,33020,14988576,58549,32,184,27,-59,3,43.30274209,12.33363770,3.79,14.7,130.2,295.29,"2025-03-22T14:54:25.004Z",LTE,false,"2025-03-20T18:34:04.832Z","OnePlus AC2003",-92,-12,-59,11,,,,,,,,,,,,,,,1850
222,10,33020,14988576,58549,32,184,27,-59,3,43.30242596,12.33415475,3.79,13.36,129.7,295.37,"2025-03-22T14:54:29.008Z",LTE,false,"2025-03-20T18:34:04.832Z","OnePlus AC2003",-92,-12,-59,11,,,,,,,,,,,,,,,1850
222,10,33020,14988576,58549,32,184,27,-59,3,43.30211369,12.33467682,3.79,13.58,130,295.17,"2025-03-22T14:54:32.985Z",LTE,false,"2025-03-20T18:34:04.832Z","OnePlus AC2003",-92,-12,-59,11,,,,,,,,,,,,,,,1850
222,10,33020,14988576,58549,32,184,27,-59,3,43.30182778,12.33515894,3.79,12,128.9,293.71,"2025-03-22T14:54:36.988Z",LTE,false,"2025-03-20T18:34:04.832Z","OnePlus AC2003",-92,-12,-59,11,,,,,,,,,,,,,,,1850
222,10,33020,14860319,58048,31,140,29,-55,4,43.30164040,12.33549541,3.79,11.33,125.2,293.02,"2025-03-22T14:54:40.085Z",LTE,false,"2025-03-20T15:43:47.030Z","OnePlus AC2003",-90,-14,-55,,,,,,,,,,,,,,,,1850
222,10,33020,14860319,58048,31,140,29,-55,4,43.30135649,12.33598225,3.79,8.46,130.6,293.8,"2025-03-22T14:54:44.997Z",LTE,false,"2025-03-20T15:43:47.030Z","OnePlus AC2003",-90,-14,-55,,,,,,,,,,,,,,,,1850
222,10,33020,14860319,58048,31,140,31,-51,,43.30104897,12.33640800,3.79,7.31,125.3,291.95,"2025-03-22T14:54:52.015Z",LTE,false,"2025-03-20T15:43:47.030Z","OnePlus AC2003",-83,-12,-51,,,,,,,,,,,,,,,,1850
222,10,33020,14860319,58048,31,140,31,-51,,43.30132584,12.33688955,3.79,8.8,44.4,291.51,"2025-03-22T14:54:58.996Z",LTE,false,"2025-03-20T15:43:47.030Z","OnePlus AC2003",-83,-12,-51,,,,,,,,,,,,,,,,1850
222,10,33020,14860319,58048,31,140,24,-65,4,43.30175600,12.33705996,3.79,6.7,327.6,292.11,"2025-03-22T14:55:06.002Z",LTE,false,"2025-03-20T15:43:47.030Z","OnePlus AC2003",-99,-12,-65,,,,,,,,,,,,,,,,1850
222,10,33020,14860319,58048,31,140,23,-67,,43.30216379,12.33721498,3.79,7.65,42.5,294.5,"2025-03-22T14:55:18.009Z",LTE,false,"2025-03-20T15:43:47.030Z","OnePlus AC2003",-98,-10,-67,,,,,,,,,,,,,,,,1850
222,10,33020,14860319,58048,31,140,23,-67,,43.30244958,12.33762450,3.79,10.09,18.1,295.46,"2025-03-22T14:55:24.005Z",LTE,false,"2025-03-20T15:43:47.030Z","OnePlus AC2003",-98,-10,-67,,,,,,,,,,,,,,,,1850
222,10,33020,14860319,58048,31,140,23,-67,,43.30285140,12.33807343,3.79,12.95,40.7,296.17,"2025-03-22T14:55:29.009Z",LTE,false,"2025-03-20T15:43:47.030Z","OnePlus AC2003",-98,-10,-67,,,,,,,,,,,,,,,,1850
222,10,33020,14860319,58048,31,140,22,-69,5,43.30320248,12.33849937,3.79,13.39,42.4,296.26,"2025-03-22T14:55:33.006Z",LTE,false,"2025-03-20T15:43:47.030Z","OnePlus AC2003",-103,-12,-69,,,,,,,,,,,,,,,,1850
222,10,33020,14860319,58048,31,140,22,-69,5,43.30354326,12.33888851,3.79,2.86,41.3,298.81,"2025-03-22T14:55:39.994Z",LTE,false,"2025-03-20T15:43:47.030Z","OnePlus AC2003",-103,-12,-69,,,,,,,,,,,,,,,,1850
222,10,33020,14860319,58048,31,140,20,-73,4,43.30387160,12.33924526,3.79,3.33,334.4,299.18,"2025-03-22T14:55:52.010Z",LTE,false,"2025-03-20T15:43:47.030Z","OnePlus AC2003",-101,-10,-73,,,,,,,,,,,,,,,,1850
222,10,33020,14860319,58048,31,140,19,-75,5,43.30426222,12.33907245,3.79,2.85,297.4,300.81,"2025-03-22T14:56:07.007Z",LTE,false,"2025-03-20T15:43:47.030Z","OnePlus AC2003",-109,-12,-75,,,,,,,,,,,,,,,,1850
222,10,33020,14988576,58549,32,184,20,-73,6,43.30432801,12.33902057,3.79,0,0,299.37,"2025-03-22T14:56:20.181Z",LTE,false,"2025-03-20T18:34:04.832Z","OnePlus AC2003",-109,-14,-73,11,,,,,,,,,,,,,,,1850
222,10,33020,14860319,58048,31,140,22,-69,,43.30393534,12.33906645,3.79,0,0,298.4,"2025-03-22T15:03:15.357Z",LTE,false,"2025-03-20T15:43:47.030Z","OnePlus AC2003",-103,-13,-69,,,,,,,,,,,,,,,,1850
222,10,33020,14860319,58048,31,140,21,-71,5,43.30354630,12.33885920,3.79,8.77,225.5,298.7,"2025-03-22T15:03:54.000Z",LTE,false,"2025-03-20T15:43:47.030Z","OnePlus AC2003",-104,-12,-71,,,,,,,,,,,,,,,,1850
222,10,33020,14860319,58048,31,140,21,-71,5,43.30321652,12.33844974,3.79,11.32,221.8,297.18,"2025-03-22T15:03:59.004Z",LTE,false,"2025-03-20T15:43:47.030Z","OnePlus AC2003",-104,-12,-71,,,,,,,,,,,,,,,,1850
222,10,33020,14860319,58048,31,140,22,-69,4,43.30287231,12.33803573,3.79,12.78,220.7,294.66,"2025-03-22T15:04:03.005Z",LTE,false,"2025-03-20T15:43:47.030Z","OnePlus AC2003",-104,-13,-69,,,,,,,,,,,,,,,,1850
222,10,33020,14860319,58048,31,140,22,-69,4,43.30253295,12.33755854,3.79,8.85,242.4,293.77,"2025-03-22T15:04:08.065Z",LTE,false,"2025-03-20T15:43:47.030Z","OnePlus AC2003",-104,-13,-69,,,,,,,,,,,,,,,,1850
222,10,33020,14860319,58048,31,140,22,-69,4,43.30217086,12.33715128,3.79,9.38,224.6,292.53,"2025-03-22T15:04:14.011Z",LTE,false,"2025-03-20T15:43:47.030Z","OnePlus AC2003",-104,-13,-69,,,,,,,,,,,,,,,,1850
222,10,33020,14860319,58048,31,140,22,-69,4,43.30182424,12.33675313,3.79,9.72,218.2,293.05,"2025-03-22T15:04:21.007Z",LTE,false,"2025-03-20T15:43:47.030Z","OnePlus AC2003",-104,-13,-69,,,,,,,,,,,,,,,,1850
222,10,33020,14860319,58048,31,140,24,-65,,43.30151550,12.33638069,3.79,14.2,220.9,288.17,"2025-03-22T15:04:25.074Z",LTE,false,"2025-03-20T15:43:47.030Z","OnePlus AC2003",-97,-12,-65,,,,,,,,,,,,,,,,1850
222,10,33020,14860319,58048,31,140,24,-65,,43.30113569,12.33592168,3.79,13.67,221.4,289.56,"2025-03-22T15:04:28.992Z",LTE,false,"2025-03-20T15:43:47.030Z","OnePlus AC2003",-97,-12,-65,,,,,,,,,,,,,,,,1850
222,10,33020,14860319,58048,31,140,24,-65,,43.30080214,12.33553988,3.79,12.08,206.4,292.83,"2025-03-22T15:04:33.007Z",LTE,false,"2025-03-20T15:43:47.030Z","OnePlus AC2003",-97,-12,-65,,,,,,,,,,,,,,,,1850
222,10,33020,14860319,58048,31,140,25,-63,4,43.30032430,12.33533482,3.79,15.09,196.9,290.14,"2025-03-22T15:04:37.010Z",LTE,false,"2025-03-20T15:43:47.030Z","OnePlus AC2003",-101,-15,-63,,,,,,,,,,,,,,,,1850
222,10,33020,14860319,58048,31,140,25,-63,4,43.29980493,12.33511841,3.79,15.52,197.9,289.68,"2025-03-22T15:04:40.994Z",LTE,false,"2025-03-20T15:43:47.030Z","OnePlus AC2003",-101,-15,-63,,,,,,,,,,,,,,,,1850
222,10,33020,14860319,58048,31,140,25,-63,4,43.29938549,12.33492277,3.79,7.56,205.7,289.29,"2025-03-22T15:04:44.995Z",LTE,false,"2025-03-20T15:43:47.030Z","OnePlus AC2003",-101,-15,-63,,,,,,,,,,,,,,,,1850
222,10,33020,14860321,58048,33,139,28,-57,,43.29933562,12.33487361,3.79,6.06,224.1,288.74,"2025-03-22T15:04:46.460Z",LTE,false,"2025-03-22T11:23:22.981Z","OnePlus AC2003",-87,-9,-57,,,,,,,,,,,,,,,,1850
222,10,33020,14860321,58048,33,139,28,-57,,43.29888118,12.33504815,3.79,11.44,146,288.56,"2025-03-22T15:04:55.009Z",LTE,false,"2025-03-22T11:23:22.981Z","OnePlus AC2003",-87,-9,-57,,,,,,,,,,,,,,,,1850
222,10,33020,14860321,58048,33,139,28,-57,,43.29852142,12.33537635,3.79,13.8,146,286.93,"2025-03-22T15:04:59.010Z",LTE,false,"2025-03-22T11:23:22.981Z","OnePlus AC2003",-86,-8,-57,,,,,,,,,,,,,,,,1850
222,10,33020,14860321,58048,33,139,28,-57,,43.29813990,12.33589902,3.79,16.34,126.2,286.91,"2025-03-22T15:05:03.070Z",LTE,false,"2025-03-22T11:23:22.981Z","OnePlus AC2003",-86,-8,-57,,,,,,,,,,,,,,,,1850
222,10,33020,14860321,58048,33,139,28,-57,,43.29789380,12.33639641,3.79,16.55,123,285.66,"2025-03-22T15:05:06.024Z",LTE,false,"2025-03-22T11:23:22.981Z","OnePlus AC2003",-86,-8,-57,,,,,,,,,,,,,,,,1850
222,10,33020,14860321,58048,33,139,28,-57,,43.29763360,12.33692601,3.79,18,124,285.49,"2025-03-22T15:05:09.015Z",LTE,false,"2025-03-22T11:23:22.981Z","OnePlus AC2003",-86,-8,-57,,,,,,,,,,,,,,,,1850
222,10,33020,14860321,58048,33,139,28,-57,,43.29736618,12.33748434,3.79,18.22,123.1,286.11,"2025-03-22T15:05:12.017Z",LTE,false,"2025-03-22T11:23:22.981Z","OnePlus AC2003",-86,-8,-57,,,,,,,,,,,,,,,,1850
222,10,33020,14860321,58048,33,139,31,-51,,43.29709415,12.33805412,3.79,19,123.1,286.59,"2025-03-22T15:05:15.009Z",LTE,false,"2025-03-22T11:23:22.981Z","OnePlus AC2003",-72,-10,-51,,,,,,,,,,,,,,,,1850
222,10,33020,14860321,58048,33,139,31,-51,,43.29680070,12.33865105,3.79,19.67,123.2,286.99,"2025-03-22T15:05:18.005Z",LTE,false,"2025-03-22T11:23:22.981Z","OnePlus AC2003",-72,-10,-51,,,,,,,,,,,,,,,,1850
222,10,33020,14860321,58048,33,139,31,-51,,43.29650545,12.33926827,3.79,20.09,123.2,287,"2025-03-22T15:05:21.007Z",LTE,false,"2025-03-22T11:23:22.981Z","OnePlus AC2003",-72,-10,-51,,,,,,,,,,,,,,,,1850
222,10,33020,14860321,58048,33,139,31,-51,0,43.29621082,12.33988773,3.79,20.52,123.1,286.31,"2025-03-22T15:05:24.013Z",LTE,false,"2025-03-22T11:23:22.981Z","OnePlus AC2003",-80,-8,-51,,,,,,,,,,,,,,,,1850
222,10,33020,14860321,58048,33,139,31,-51,0,43.29590888,12.34051199,3.79,19.71,123.8,285.75,"2025-03-22T15:05:27.015Z",LTE,false,"2025-03-22T11:23:22.981Z","OnePlus AC2003",-80,-8,-51,,,,,,,,,,,,,,,,1850
222,10,33020,14860321,58048,33,139,31,-51,0,43.29561463,12.34112408,3.79,19.67,124,286.39,"2025-03-22T15:05:30.005Z",LTE,false,"2025-03-22T11:23:22.981Z","OnePlus AC2003",-80,-8,-51,,,,,,,,,,,,,,,,1850
222,10,33020,14860321,58048,33,139,31,-51,0,43.29533116,12.34170457,3.79,17.68,123.1,285.92,"2025-03-22T15:05:33.007Z",LTE,false,"2025-03-22T11:23:22.981Z","OnePlus AC2003",-80,-8,-51,,,,,,,,,,,,,,,,1850
222,10,33020,14860340,58048,52,253,28,-57,,43.29533116,12.34170457,3.79,17.68,123.1,285.92,"2025-03-22T15:05:33.285Z",LTE,false,"2025-03-22T14:39:03.567Z","OnePlus AC2003",-85,-6,-57,,,,,,,,,,,,,,,,3025
222,10,33020,14860340,58048,52,253,28,-57,,43.29509338,12.34220902,3.79,13.9,121.7,286.12,"2025-03-22T15:05:36.005Z",LTE,false,"2025-03-22T14:39:03.567Z","OnePlus AC2003",-85,-6,-57,,,,,,,,,,,,,,,,3025
